yury-s	2026-09-25T00:50:18Z
ashrafiucse	2026-09-25T00:12:49Z
yury-s	2026-09-24T23:45:47Z
microsoft-playwright-automation[bot]	2026-09-24T23:02:59Z
yury-s	2026-09-24T22:25:41Z
yury-s	2026-09-24T21:07:58Z
yury-s	2026-09-24T19:33:17Z
hbenl	2026-09-24T19:27:23Z
yury-s	2026-09-24T19:21:00Z
dependabot[bot]	2026-09-24T19:20:30Z
csaavedra	2026-09-24T18:13:41Z
microsoft-playwright-automation[bot]	2026-09-24T18:07:02Z
yury-s	2026-09-24T18:02:36Z
yury-s	2026-09-24T17:57:24Z
pavelfeldman	2026-09-24T17:50:29Z
pavelfeldman	2026-09-24T17:13:37Z
yury-s	2026-09-24T16:19:38Z
Abnoz01	2026-09-24T14:59:52Z
dgozman	2026-09-24T09:30:04Z
dgozman	2026-09-24T09:28:41Z
yury-s	2026-09-24T01:46:37Z
yury-s	2026-09-24T01:46:08Z
yury-s	2026-09-24T00:47:07Z
pavelfeldman	2026-09-23T21:45:28Z
ashrafiucse	2026-09-23T20:50:56Z
pavelfeldman	2026-09-23T18:06:09Z
pavelfeldman	2026-09-23T18:05:54Z
yury-s	2026-09-23T17:53:49Z
yury-s	2026-09-23T16:01:02Z
yury-s	2026-09-23T16:00:13Z
yury-s	2026-09-23T00:06:49Z
yury-s	2026-09-23T00:06:17Z
Abnoz01	2026-09-23T00:05:12Z
yury-s	2026-09-23T00:02:45Z
ashrafiucse	2026-09-22T21:14:08Z
dgozman	2026-09-22T21:13:30Z
Abnoz01	2026-09-22T21:12:30Z
Tib-Gridello	2026-09-22T21:06:45Z
yury-s	2026-09-22T19:44:12Z
yury-s	2026-09-22T18:49:18Z
yury-s	2026-09-22T18:49:02Z
yury-s	2026-09-22T18:27:29Z
dgozman	2026-09-22T18:18:38Z
Abnoz01	2026-09-22T16:39:41Z
dcrousso	2026-09-22T16:30:14Z
yury-s	2026-09-22T15:32:05Z
dcrousso	2026-09-22T01:05:33Z
yury-s	2026-09-22T00:12:40Z
yury-s	2026-09-22T00:11:11Z
microsoft-playwright-automation[bot]	2026-09-22T00:10:47Z
yury-s	2026-09-21T22:12:30Z
yury-s	2026-09-21T20:36:29Z
dcrousso	2026-09-21T19:14:51Z
yury-s	2026-09-21T19:09:26Z
yury-s	2026-09-21T18:08:59Z
Neekoras	2026-09-21T17:41:50Z
pavelfeldman	2026-09-21T17:39:58Z
pavelfeldman	2026-09-21T17:39:44Z
Om-singhaI	2026-09-21T17:20:19Z
someden	2026-09-21T17:19:15Z
robstoll	2026-09-21T17:17:30Z
Neekoras	2026-09-21T16:33:08Z
dcrousso	2026-09-21T16:28:52Z
microsoft-playwright-automation[bot]	2026-09-21T16:13:47Z
yury-s	2026-09-19T01:59:22Z
dgozman	2026-09-18T20:44:52Z
pavelfeldman	2026-09-18T18:28:14Z
microsoft-playwright-automation[bot]	2026-09-18T04:39:13Z
pavelfeldman	2026-09-17T23:57:02Z
microsoft-playwright-automation[bot]	2026-09-17T23:47:07Z
SebTardif	2026-09-17T23:42:04Z
SebTardif	2026-09-17T23:40:30Z
pavelfeldman	2026-09-17T23:15:51Z
yury-s	2026-09-17T23:13:19Z
yury-s	2026-09-17T20:43:17Z
microsoft-playwright-automation[bot]	2026-09-17T19:39:23Z
pavelfeldman	2026-09-17T17:25:05Z
avgon	2026-09-17T16:47:26Z
microsoft-playwright-automation[bot]	2026-09-17T15:12:12Z
dgozman	2026-09-17T07:34:13Z
pavelfeldman	2026-09-16T23:14:45Z
csaavedra	2026-09-16T22:14:31Z
yury-s	2026-09-16T22:06:52Z
yury-s	2026-09-16T22:03:19Z
dgozman	2026-09-16T19:07:36Z
dgozman	2026-09-16T19:07:10Z
microsoft-playwright-automation[bot]	2026-09-16T17:45:43Z
pavelfeldman	2026-09-16T15:38:21Z
microsoft-playwright-automation[bot]	2026-09-16T00:34:44Z
tanvir-ux	2026-09-15T19:21:49Z
dgozman	2026-09-15T15:37:44Z
dgozman	2026-09-15T15:37:28Z
yury-s	2026-09-14T19:07:35Z
haddybhaiya	2026-09-14T18:32:22Z
microsoft-playwright-automation[bot]	2026-09-14T18:20:40Z
microsoft-playwright-automation[bot]	2026-09-14T18:13:57Z
yury-s	2026-09-14T17:42:59Z
yury-s	2026-09-14T15:45:05Z
pavelfeldman	2026-09-14T15:43:40Z
lazerg	2026-09-14T15:43:22Z
pavelfeldman	2026-09-11T23:00:20Z
yury-s	2026-09-11T22:51:39Z
yury-s	2026-09-11T21:36:13Z
hbenl	2026-09-11T18:50:52Z
yury-s	2026-09-11T16:38:57Z
pavelfeldman	2026-09-11T16:02:11Z
dgozman	2026-09-11T09:10:39Z
pavelfeldman	2026-09-11T00:10:25Z
ashrafiucse	2026-09-10T23:24:12Z
yury-s	2026-09-10T22:59:29Z
yury-s	2026-09-10T22:15:19Z
egfx-notifications	2026-09-10T20:55:45Z
ashrafiucse	2026-09-10T20:53:03Z
pavelfeldman	2026-09-10T20:51:56Z
pavelfeldman	2026-09-10T20:51:46Z
pavelfeldman	2026-09-10T19:05:10Z
pavelfeldman	2026-09-10T00:19:41Z
pavelfeldman	2026-09-10T00:17:30Z
pavelfeldman	2026-09-10T00:15:07Z
pavelfeldman	2026-09-09T23:36:05Z
dgozman	2026-09-09T18:18:40Z
pavelfeldman	2026-09-09T16:33:07Z
dgozman	2026-09-09T15:39:31Z
dgozman	2026-09-09T15:39:18Z
microsoft-playwright-automation[bot]	2026-09-09T14:40:57Z
microsoft-playwright-automation[bot]	2026-09-09T13:54:56Z
pavelfeldman	2026-09-09T01:43:04Z
pavelfeldman	2026-09-08T23:54:10Z
pavelfeldman	2026-09-08T23:12:11Z
yury-s	2026-09-08T22:00:46Z
pavelfeldman	2026-09-08T21:29:41Z
dgozman	2026-09-08T19:16:24Z
cpAdm	2026-09-08T18:15:11Z
Copilot	2026-09-08T17:49:33Z
Denimworld12	2026-09-08T16:56:06Z
pavelfeldman	2026-09-08T16:55:22Z
alkaz-nodemaven	2026-09-08T16:53:29Z
armin-azar	2026-09-08T16:48:14Z
pavelfeldman	2026-09-08T16:40:12Z
pavelfeldman	2026-09-08T16:20:10Z
karlhorky	2026-09-08T16:09:50Z
dcrousso	2026-09-08T15:39:47Z
ashrafiucse	2026-09-08T12:14:21Z
dependabot[bot]	2026-09-08T11:39:09Z
dependabot[bot]	2026-09-07T12:06:58Z
microsoft-playwright-automation[bot]	2026-09-07T12:03:12Z
microsoft-playwright-automation[bot]	2026-09-04T22:01:15Z
yury-s	2026-09-04T21:56:06Z
yury-s	2026-09-04T21:24:47Z
dgozman	2026-09-04T19:50:50Z
dgozman	2026-09-04T19:50:09Z
pavelfeldman	2026-09-04T19:47:36Z
yury-s	2026-09-04T18:04:02Z
ashrafiucse	2026-09-04T15:11:37Z
microsoft-playwright-automation[bot]	2026-09-04T14:50:56Z
yury-s	2026-09-03T23:12:29Z
dgozman	2026-09-03T19:06:24Z
dgozman	2026-09-03T19:05:45Z
dgozman	2026-09-03T19:05:33Z
yury-s	2026-09-03T18:37:56Z
Super-Eric	2026-09-03T16:42:52Z
pavelfeldman	2026-09-03T16:02:50Z
pavelfeldman	2026-09-03T16:02:40Z
pavelfeldman	2026-09-03T15:32:35Z
dependabot[bot]	2026-09-03T13:14:53Z
microsoft-playwright-automation[bot]	2026-09-03T10:39:45Z
dgozman	2026-09-03T07:34:13Z
yury-s	2026-09-02T22:36:09Z
yury-s	2026-09-02T22:16:41Z
dgozman	2026-09-02T19:11:29Z
dgozman	2026-09-02T19:10:47Z
dgozman	2026-09-02T19:10:33Z
yury-s	2026-09-02T18:12:13Z
pavelfeldman	2026-09-02T17:29:07Z
pavelfeldman	2026-09-02T17:28:19Z
dcrousso	2026-09-02T16:51:55Z
dgozman	2026-09-02T16:51:44Z
lazerg	2026-09-02T15:31:26Z
microsoft-playwright-automation[bot]	2026-09-02T14:44:50Z
ashrafiucse	2026-09-02T12:28:58Z
dcrousso	2026-09-02T07:39:17Z
yury-s	2026-09-01T21:58:32Z
yury-s	2026-09-01T21:57:55Z
yury-s	2026-09-01T20:44:49Z
dcrousso	2026-09-01T19:30:56Z
yury-s	2026-09-01T18:08:06Z
yury-s	2026-09-01T17:12:25Z
pavelfeldman	2026-09-01T16:17:21Z
lazerg	2026-09-01T12:49:45Z
scs0209	2026-09-01T12:35:43Z
yury-s	2026-08-29T01:43:34Z
microsoft-playwright-automation[bot]	2026-08-28T23:40:17Z
HuzaifaChaudary	2026-08-28T22:58:04Z
dcrousso	2026-08-28T22:54:34Z
Om-singhaI	2026-08-28T22:52:57Z
pavelfeldman	2026-08-28T22:47:40Z
yury-s	2026-08-28T22:00:14Z
dgozman	2026-08-28T19:59:28Z
dgozman	2026-08-28T16:57:12Z
microsoft-playwright-automation[bot]	2026-08-28T16:51:24Z
dgozman	2026-08-28T15:47:03Z
dgozman	2026-08-28T15:46:45Z
dgozman	2026-08-28T10:01:41Z
dgozman	2026-08-28T08:59:17Z
microsoft-playwright-automation[bot]	2026-08-28T08:54:58Z
yury-s	2026-08-27T22:19:43Z
pavelfeldman	2026-08-27T20:20:56Z
pavelfeldman	2026-08-27T20:20:36Z
Copilot	2026-08-27T18:31:49Z
pavelfeldman	2026-08-27T18:09:13Z
pavelfeldman	2026-08-27T17:25:27Z
dcrousso	2026-08-27T16:14:16Z
pavelfeldman	2026-08-27T15:52:43Z
dcrousso	2026-08-26T21:04:40Z
jwarykowski	2026-08-26T18:10:31Z
drewavos	2026-08-26T18:09:55Z
dcrousso	2026-08-26T18:08:27Z
pavelfeldman	2026-08-26T17:24:54Z
dgozman	2026-08-26T16:29:33Z
dgozman	2026-08-26T16:28:05Z
pavelfeldman	2026-08-26T15:45:12Z
yury-s	2026-08-26T00:46:26Z
yury-s	2026-08-26T00:14:51Z
dcrousso	2026-08-25T18:25:58Z
pavelfeldman	2026-08-25T18:21:42Z
dcrousso	2026-08-25T18:06:26Z
yury-s	2026-08-24T23:35:31Z
microsoft-playwright-automation[bot]	2026-08-24T21:16:00Z
yury-s	2026-08-24T20:59:17Z
bertrand-lorentz	2026-08-24T17:18:31Z
pavelfeldman	2026-08-22T03:59:21Z
pavelfeldman	2026-08-21T23:05:49Z
pavelfeldman	2026-08-21T23:05:07Z
dgozman	2026-08-21T13:04:41Z
dgozman	2026-08-21T10:09:25Z
Iiviavs	2026-08-21T00:32:17Z
microsoft-playwright-automation[bot]	2026-08-20T22:57:53Z
microsoft-playwright-automation[bot]	2026-08-20T22:57:24Z
yury-s	2026-08-20T22:07:52Z
yury-s	2026-08-20T20:15:48Z
yury-s	2026-08-20T20:14:18Z
yury-s	2026-08-20T19:41:47Z
microsoft-playwright-automation[bot]	2026-08-20T18:03:42Z
yury-s	2026-08-20T17:00:06Z
triemerge	2026-08-20T12:59:53Z
pavelfeldman	2026-08-20T01:30:19Z
yury-s	2026-08-19T23:47:06Z
yury-s	2026-08-19T23:06:57Z
microsoft-playwright-automation[bot]	2026-08-19T19:57:15Z
yury-s	2026-08-19T19:44:15Z
yury-s	2026-08-19T19:43:23Z
yury-s	2026-08-19T19:41:53Z
kblok	2026-08-19T16:32:44Z
yury-s	2026-08-19T00:16:20Z
pavelfeldman	2026-08-18T22:05:02Z
pavelfeldman	2026-08-18T22:04:53Z
yury-s	2026-08-18T17:52:25Z
yury-s	2026-08-18T15:33:46Z
pavelfeldman	2026-08-18T03:46:31Z
yury-s	2026-08-17T23:30:33Z
dgozman	2026-08-17T21:47:21Z
yury-s	2026-08-17T21:37:39Z
microsoft-playwright-automation[bot]	2026-08-17T16:18:44Z
dgozman	2026-08-17T12:50:33Z
dgozman	2026-08-17T10:57:44Z
yury-s	2026-08-15T00:19:06Z
pavelfeldman	2026-08-15T00:03:43Z
pavelfeldman	2026-08-14T18:28:15Z
pavelfeldman	2026-08-14T15:33:40Z
dgozman	2026-08-14T15:12:26Z
dgozman	2026-08-14T15:11:40Z
dgozman	2026-08-14T13:34:02Z
microsoft-playwright-automation[bot]	2026-08-13T19:41:14Z
microsoft-playwright-automation[bot]	2026-08-13T19:40:29Z
pavelfeldman	2026-08-13T19:29:05Z
Copilot	2026-08-13T18:38:59Z
pavelfeldman	2026-08-13T18:38:43Z
Copilot	2026-08-13T18:38:36Z
pavelfeldman	2026-08-13T18:38:29Z
yury-s	2026-08-13T18:20:29Z
pavelfeldman	2026-08-13T17:50:02Z
dcrousso	2026-08-13T16:37:23Z
pavelfeldman	2026-08-12T21:41:45Z
yury-s	2026-08-12T21:35:58Z
microsoft-playwright-automation[bot]	2026-08-12T18:35:39Z
unlikelyzero	2026-08-12T17:59:04Z
Skn0tt	2026-08-12T13:19:12Z
microsoft-playwright-automation[bot]	2026-08-12T12:06:49Z
pavelfeldman	2026-08-12T03:15:23Z
unlikelyzero	2026-08-11T22:41:35Z
pavelfeldman	2026-08-11T22:15:41Z
pavelfeldman	2026-08-11T22:14:53Z
yury-s	2026-08-11T21:46:31Z
yury-s	2026-08-11T21:06:01Z
pavelfeldman	2026-08-11T19:35:50Z
pavelfeldman	2026-08-11T19:35:15Z
dgozman	2026-08-11T18:35:54Z
dcrousso	2026-08-11T18:29:06Z
krishpranav	2026-08-11T18:24:05Z
yury-s	2026-08-11T16:47:42Z
Skn0tt	2026-08-11T10:29:54Z
Skn0tt	2026-08-11T08:34:40Z
microsoft-playwright-automation[bot]	2026-08-11T07:48:13Z
yury-s	2026-08-10T21:11:35Z
Skn0tt	2026-08-10T20:11:44Z
Skn0tt	2026-08-10T20:08:43Z
microsoft-playwright-automation[bot]	2026-08-10T09:45:37Z
Skn0tt	2026-08-10T09:20:07Z
pavelfeldman	2026-08-09T20:41:31Z
yury-s	2026-08-07T22:58:35Z
pavelfeldman	2026-08-07T22:12:13Z
pavelfeldman	2026-08-07T21:40:07Z
dcrousso	2026-08-07T18:17:47Z
pavelfeldman	2026-08-07T17:59:23Z
Skn0tt	2026-08-07T12:59:13Z
Skn0tt	2026-08-07T07:18:08Z
yury-s	2026-08-06T21:48:00Z
Skn0tt	2026-08-06T17:37:36Z
Skn0tt	2026-08-06T17:37:22Z
Skn0tt	2026-08-06T17:37:16Z
yury-s	2026-08-06T17:07:46Z
Skn0tt	2026-08-06T15:53:47Z
skvortsov-dev	2026-08-06T11:42:56Z
yury-s	2026-08-05T22:48:07Z
yury-s	2026-08-05T21:40:12Z
Skn0tt	2026-08-05T19:52:37Z
yury-s	2026-08-05T17:11:06Z
dependabot[bot]	2026-08-05T12:26:40Z
Skn0tt	2026-08-05T10:54:19Z
OssSecurityBot	2026-08-05T09:43:53Z
hbenl	2026-08-05T07:04:01Z
yury-s	2026-08-04T22:14:24Z
yury-s	2026-08-04T21:55:51Z
dcrousso	2026-08-04T21:54:00Z
yury-s	2026-08-04T19:52:00Z
yury-s	2026-08-04T18:45:46Z
yury-s	2026-08-04T17:39:27Z
yury-s	2026-08-04T17:25:43Z
yury-s	2026-08-04T16:37:47Z
Skn0tt	2026-08-04T16:08:48Z
pavelfeldman	2026-08-04T16:00:55Z
hbenl	2026-08-04T14:10:57Z
microsoft-playwright-automation[bot]	2026-08-04T06:47:45Z
dependabot[bot]	2026-08-04T06:47:09Z
dependabot[bot]	2026-08-04T06:46:39Z
microsoft-playwright-automation[bot]	2026-08-04T06:45:32Z
microsoft-playwright-automation[bot]	2026-08-04T06:45:03Z
pavelfeldman	2026-08-03T22:37:30Z
pavelfeldman	2026-08-03T22:36:47Z
pavelfeldman	2026-08-03T22:36:37Z
Skn0tt	2026-08-03T20:33:36Z
Skn0tt	2026-08-03T20:32:21Z
yury-s	2026-08-03T16:40:40Z
m4ttheweric	2026-07-31T21:39:29Z
microsoft-playwright-automation[bot]	2026-07-31T21:38:24Z
dgozman	2026-07-31T09:07:58Z
microsoft-playwright-automation[bot]	2026-07-30T21:54:02Z
Pinio31	2026-07-30T20:57:23Z
pavelfeldman	2026-07-30T20:57:04Z
henryqdineen	2026-07-30T20:56:41Z
SVOG23	2026-07-30T17:57:57Z
Juneezee	2026-07-30T17:57:34Z
hbenl	2026-07-30T17:56:10Z
pavelfeldman	2026-07-30T17:13:51Z
dgozman	2026-07-30T16:02:04Z
microsoft-playwright-automation[bot]	2026-07-30T12:23:26Z
hbenl	2026-07-30T12:22:43Z
Skn0tt	2026-07-30T11:43:04Z
Skn0tt	2026-07-30T10:27:43Z
microsoft-playwright-automation[bot]	2026-07-30T09:26:30Z
dcrousso	2026-07-29T22:12:23Z
dcrousso	2026-07-29T21:36:33Z
dgozman	2026-07-29T20:56:26Z
dgozman	2026-07-29T20:55:43Z
dgozman	2026-07-29T16:09:36Z
dgozman	2026-07-29T16:05:48Z
dgozman	2026-07-29T15:44:26Z
lazerg	2026-07-29T09:47:57Z
microsoft-playwright-automation[bot]	2026-07-29T09:47:25Z
dgozman	2026-07-29T09:25:10Z
dgozman	2026-07-28T15:51:57Z
dgozman	2026-07-28T15:46:59Z
pavelfeldman	2026-07-28T15:44:43Z
dgozman	2026-07-28T15:42:48Z
dgozman	2026-07-28T15:42:06Z
himasree424	2026-07-28T12:09:25Z
dgozman	2026-07-28T09:15:33Z
microsoft-playwright-automation[bot]	2026-07-28T00:25:18Z
microsoft-playwright-automation[bot]	2026-07-28T00:20:56Z
Skn0tt	2026-07-27T23:26:04Z
pravinireri	2026-07-27T15:54:58Z
dgozman	2026-07-27T15:54:04Z
dgozman	2026-07-27T15:49:11Z
yury-s	2026-07-24T22:26:48Z
yury-s	2026-07-24T21:49:03Z
dgozman	2026-07-24T21:36:05Z
dcrousso	2026-07-24T20:56:25Z
dcrousso	2026-07-24T20:56:07Z
dcrousso	2026-07-24T16:27:46Z
triemerge	2026-07-24T15:41:50Z
microsoft-playwright-automation[bot]	2026-07-24T14:04:20Z
microsoft-playwright-automation[bot]	2026-07-24T13:21:31Z
dgozman	2026-07-24T13:15:13Z
dgozman	2026-07-24T10:41:53Z
dgozman	2026-07-24T10:40:50Z
yury-s	2026-07-24T00:12:24Z
dcrousso	2026-07-23T21:35:32Z
dcrousso	2026-07-23T20:48:29Z
dgozman	2026-07-23T19:22:49Z
dcrousso	2026-07-23T18:31:58Z
dcrousso	2026-07-23T17:35:34Z
dependabot[bot]	2026-07-23T17:15:11Z
dcrousso	2026-07-23T15:31:33Z
Skn0tt	2026-07-23T15:18:34Z
dgozman	2026-07-23T14:29:04Z
dgozman	2026-07-23T13:51:38Z
dgozman	2026-07-23T13:49:42Z
Skn0tt	2026-07-23T11:35:23Z
microsoft-playwright-automation[bot]	2026-07-23T11:17:07Z
microsoft-playwright-automation[bot]	2026-07-23T10:45:48Z
Skn0tt	2026-07-23T06:59:07Z
tsushanth	2026-07-22T21:51:01Z
dcrousso	2026-07-22T21:03:44Z
microsoft-playwright-automation[bot]	2026-07-22T18:06:26Z
Skn0tt	2026-07-22T17:03:45Z
dgozman	2026-07-22T15:20:35Z
dcrousso	2026-07-22T14:58:35Z
Skn0tt	2026-07-22T12:03:36Z
dgozman	2026-07-22T11:21:44Z
microsoft-playwright-automation[bot]	2026-07-22T08:41:02Z
dcrousso	2026-07-22T00:05:16Z
pavelfeldman	2026-07-21T23:25:41Z
pavelfeldman	2026-07-21T22:44:04Z
m4ttheweric	2026-07-21T22:43:27Z
yury-s	2026-07-21T22:30:08Z
dcrousso	2026-07-21T20:47:59Z
pavelfeldman	2026-07-21T20:41:50Z
gitKashish	2026-07-21T20:22:12Z
pavelfeldman	2026-07-21T19:03:27Z
yury-s	2026-07-21T18:19:31Z
pavelfeldman	2026-07-21T18:03:59Z
pavelfeldman	2026-07-21T18:03:49Z
microsoft-playwright-automation[bot]	2026-07-21T15:44:28Z
pavelfeldman	2026-07-21T15:41:41Z
dgozman	2026-07-21T15:28:22Z
Skn0tt	2026-07-21T14:21:12Z
Skn0tt	2026-07-21T13:36:47Z
dgozman	2026-07-21T10:27:10Z
microsoft-playwright-automation[bot]	2026-07-21T00:48:07Z
microsoft-playwright-automation[bot]	2026-07-21T00:47:45Z
pavelfeldman	2026-07-21T00:10:15Z
yury-s	2026-07-20T22:42:11Z
dgozman	2026-07-20T22:00:01Z
soreavis	2026-07-20T20:20:30Z
cipheraxat	2026-07-20T17:21:52Z
yury-s	2026-07-20T17:12:24Z
dgozman	2026-07-20T15:29:02Z
dgozman	2026-07-20T10:19:54Z
Skn0tt	2026-07-20T09:09:37Z
microsoft-playwright-automation[bot]	2026-07-19T12:01:13Z
pavelfeldman	2026-07-17T22:36:09Z
pavelfeldman	2026-07-17T20:53:10Z
microsoft-playwright-automation[bot]	2026-07-17T20:30:20Z
hbenl	2026-07-17T20:28:18Z
hbenl	2026-07-17T20:25:17Z
pavelfeldman	2026-07-17T18:06:53Z
dcrousso	2026-07-17T16:22:53Z
microsoft-playwright-automation[bot]	2026-07-17T14:54:36Z
microsoft-playwright-automation[bot]	2026-07-17T14:50:59Z
dgozman	2026-07-17T14:21:21Z
hbenl	2026-07-17T13:57:07Z
yury-s	2026-07-17T00:27:20Z
pavelfeldman	2026-07-16T21:36:15Z
Skn0tt	2026-07-16T20:20:13Z
pavelfeldman	2026-07-16T20:19:46Z
dgozman	2026-07-16T19:34:37Z
yury-s	2026-07-16T19:23:55Z
yury-s	2026-07-16T18:42:55Z
SebTardif	2026-07-16T16:01:12Z
Skn0tt	2026-07-16T15:22:23Z
dgozman	2026-07-16T14:34:27Z
pavelfeldman	2026-07-16T14:30:47Z
microsoft-playwright-automation[bot]	2026-07-16T14:17:30Z
dgozman	2026-07-16T14:02:27Z
dgozman	2026-07-16T13:22:05Z
dgozman	2026-07-16T12:15:04Z
dgozman	2026-07-16T11:30:23Z
Skn0tt	2026-07-16T11:14:09Z
Skn0tt	2026-07-16T11:13:08Z
hbenl	2026-07-16T00:24:16Z
yury-s	2026-07-15T23:05:47Z
dgozman	2026-07-15T20:45:27Z
dgozman	2026-07-15T16:49:40Z
aberonni	2026-07-15T14:58:32Z
dgozman	2026-07-15T13:53:59Z
Skn0tt	2026-07-15T13:42:48Z
dgozman	2026-07-15T12:59:06Z
Skn0tt	2026-07-15T12:51:39Z
Skn0tt	2026-07-15T12:51:27Z
dgozman	2026-07-15T12:34:48Z
Skn0tt	2026-07-15T09:56:07Z
Skn0tt	2026-07-15T09:55:45Z
Skn0tt	2026-07-15T09:55:32Z
Skn0tt	2026-07-15T09:55:19Z
Skn0tt	2026-07-15T09:55:07Z
Skn0tt	2026-07-15T06:39:25Z
microsoft-playwright-automation[bot]	2026-07-14T22:51:34Z
yury-s	2026-07-14T21:25:53Z
yury-s	2026-07-14T19:27:22Z
Skn0tt	2026-07-14T13:44:03Z
Skn0tt	2026-07-14T13:43:54Z
microsoft-playwright-automation[bot]	2026-07-14T10:17:36Z
microsoft-playwright-automation[bot]	2026-07-14T10:14:44Z
Skn0tt	2026-07-14T09:48:22Z
Skn0tt	2026-07-14T07:28:45Z
dgozman	2026-07-14T06:39:34Z
dcrousso	2026-07-14T05:24:55Z
dcrousso	2026-07-14T00:21:21Z
microsoft-playwright-automation[bot]	2026-07-13T14:44:51Z
Zelys-DFKH	2026-07-13T10:35:01Z
dgozman	2026-07-12T15:56:59Z
dgozman	2026-07-11T14:05:33Z
pavelfeldman	2026-07-10T23:28:39Z
yury-s	2026-07-10T22:40:33Z
yury-s	2026-07-10T22:39:47Z
pavelfeldman	2026-07-10T21:46:05Z
hbenl	2026-07-10T21:18:56Z
hbenl	2026-07-10T20:27:40Z
dgozman	2026-07-10T18:00:23Z
hbenl	2026-07-10T17:08:52Z
Skn0tt	2026-07-10T16:45:53Z
microsoft-playwright-automation[bot]	2026-07-10T15:40:30Z
dgozman	2026-07-10T14:14:21Z
Skn0tt	2026-07-10T13:43:58Z
Skn0tt	2026-07-10T07:38:51Z
yury-s	2026-07-10T01:02:10Z
yury-s	2026-07-09T20:34:49Z
yury-s	2026-07-09T18:58:25Z
Skn0tt	2026-07-09T12:18:44Z
Skn0tt	2026-07-09T09:09:22Z
Skn0tt	2026-07-09T09:06:02Z
Skn0tt	2026-07-09T08:33:33Z
harshmathurx	2026-07-08T22:45:11Z
pravinireri	2026-07-08T19:22:37Z
microsoft-playwright-automation[bot]	2026-07-08T19:15:20Z
yury-s	2026-07-08T18:20:21Z
yury-s	2026-07-08T18:19:12Z
yury-s	2026-07-08T18:16:45Z
yury-s	2026-07-08T17:57:22Z
yury-s	2026-07-08T17:05:00Z
microsoft-playwright-automation[bot]	2026-07-08T16:42:04Z
microsoft-playwright-automation[bot]	2026-07-08T15:36:02Z
Skn0tt	2026-07-08T11:31:02Z
Skn0tt	2026-07-08T11:22:45Z
dgozman	2026-07-08T11:17:05Z
Skn0tt	2026-07-08T08:17:13Z
microsoft-playwright-automation[bot]	2026-07-07T18:49:33Z
yury-s	2026-07-07T18:41:29Z
hbenl	2026-07-07T14:48:50Z
Skn0tt	2026-07-07T14:20:36Z
pradapjackie	2026-07-07T13:58:15Z
dgozman	2026-07-07T13:01:30Z
Skn0tt	2026-07-07T12:18:16Z
Git-Raini	2026-07-07T10:09:46Z
yury-s	2026-07-07T01:04:30Z
dcrousso	2026-07-07T01:04:22Z
pavelfeldman	2026-07-07T00:55:33Z
pavelfeldman	2026-07-07T00:55:15Z
microsoft-playwright-automation[bot]	2026-07-06T23:59:30Z
microsoft-playwright-automation[bot]	2026-07-06T23:57:25Z
yury-s	2026-07-06T23:52:20Z
microsoft-playwright-automation[bot]	2026-07-06T20:21:46Z
hbenl	2026-07-06T20:17:54Z
dgozman	2026-07-06T16:51:31Z
Skn0tt	2026-07-06T15:25:51Z
Copilot	2026-07-06T13:43:28Z
dgozman	2026-07-06T12:31:13Z
dgozman	2026-07-06T10:31:34Z
dgozman	2026-07-03T17:04:09Z
dgozman	2026-07-03T15:16:15Z
dgozman	2026-07-03T15:15:52Z
dgozman	2026-07-03T13:12:25Z
dgozman	2026-07-03T12:24:52Z
dgozman	2026-07-03T11:22:50Z
pavelfeldman	2026-07-03T00:18:19Z
pavelfeldman	2026-07-03T00:18:10Z
pavelfeldman	2026-07-02T19:47:19Z
yury-s	2026-07-02T19:11:04Z
pavelfeldman	2026-07-02T18:48:30Z
pavelfeldman	2026-07-02T18:11:12Z
Skn0tt	2026-07-02T14:27:38Z
dgozman	2026-07-02T14:27:07Z
dgozman	2026-07-02T14:26:48Z
Skn0tt	2026-07-02T14:08:19Z
microsoft-playwright-automation[bot]	2026-07-02T14:06:33Z
Skn0tt	2026-07-02T14:05:41Z
dgozman	2026-07-02T13:31:38Z
Skn0tt	2026-07-02T13:28:55Z
Skn0tt	2026-07-02T12:42:13Z
Skn0tt	2026-07-02T12:16:24Z
Skn0tt	2026-07-02T10:35:05Z
dgozman	2026-07-02T10:10:15Z
microsoft-playwright-automation[bot]	2026-07-02T09:32:11Z
yury-s	2026-07-02T01:00:53Z
yury-s	2026-07-01T23:24:19Z
microsoft-playwright-automation[bot]	2026-07-01T23:23:41Z
pavelfeldman	2026-07-01T21:25:53Z
pavelfeldman	2026-07-01T18:29:00Z
Skn0tt	2026-07-01T15:08:53Z
Skn0tt	2026-07-01T13:27:09Z
Zelys-DFKH	2026-07-01T13:20:33Z
Skn0tt	2026-07-01T13:04:17Z
Copilot	2026-07-01T12:58:59Z
chatman-media	2026-07-01T12:44:47Z
microsoft-playwright-automation[bot]	2026-07-01T12:44:28Z
Skn0tt	2026-07-01T12:16:42Z
Copilot	2026-07-01T10:10:19Z
stkevintan	2026-07-01T02:14:19Z
dcrousso	2026-07-01T02:04:31Z
triemerge	2026-07-01T00:20:08Z
oleksii-tumanov	2026-07-01T00:19:16Z
mxschmitt	2026-07-01T00:15:55Z
oleksii-tumanov	2026-07-01T00:15:00Z
dcrousso	2026-07-01T00:11:11Z
pavelfeldman	2026-07-01T00:02:29Z
dcrousso	2026-06-30T23:12:55Z
pavelfeldman	2026-06-30T22:37:47Z
dgozman	2026-06-30T18:53:19Z
dgozman	2026-06-30T13:11:55Z
dgozman	2026-06-30T13:11:06Z
Copilot	2026-06-30T13:06:15Z
Skn0tt	2026-06-30T13:05:17Z
microsoft-playwright-automation[bot]	2026-06-30T11:19:41Z
dgozman	2026-06-30T10:04:26Z
Skn0tt	2026-06-30T09:39:15Z
pavelfeldman	2026-06-30T00:51:38Z
pavelfeldman	2026-06-29T23:42:12Z
dgozman	2026-06-29T16:31:16Z
dgozman	2026-06-29T15:52:59Z
microsoft-playwright-automation[bot]	2026-06-29T15:04:42Z
gateway	2026-06-29T12:00:54Z
Skn0tt	2026-06-29T11:15:17Z
Skn0tt	2026-06-29T10:08:44Z
