run	model_requests	turn1_has_browserai	model_saw_is_error	model_saw_result	server_launches	call_answered_after_ms	client_cancelled	init_answered_after_ms	client_listed	turn1_request_after_server_start_ms	stream_tool_result	stream_is_error	stream_tool_ms	stream_event_types	result_subtype	result_is_error	init_mcp_servers	init_browserai_tools	debug_mcp_lines	debug_notable	client_exit	wait_timeout
D5-U-r1	2	True	False	LZ-CALL-SERVED (stub) call=1 launch=1 after=5000ms: browserai_list found no sessions under C:/q369-probe.	1	5002	0	1	True	79	[{"type": "text", "text": "LZ-CALL-SERVED (stub) call=1 launch=1 after=5000ms: browserai_list found no sessions under C:/q369-probe."}]	None	5017	assistantx2 result/successx1 system/initx1 userx1	success	False	[{"name": "browserai", "status": "connected", "source": "user"}]	2	9	2026-10-04T01:29:09.171Z [DEBUG] MCP server "browserai": Starting connection with timeout of 30000ms || 2026-10-04T01:29:09.253Z [DEBUG] MCP server "browserai": Connection established with capabilities: {"hasTools":true,"hasPrompts":false,"hasResources":false,"hasResourceSubscribe":false,"serverVersion"	0	
D5-U-r2	2	True	False	LZ-CALL-SERVED (stub) call=1 launch=1 after=5000ms: browserai_list found no sessions under C:/q369-probe.	1	5004	0	1	True	74	[{"type": "text", "text": "LZ-CALL-SERVED (stub) call=1 launch=1 after=5000ms: browserai_list found no sessions under C:/q369-probe."}]	None	5019	assistantx2 result/successx1 system/initx1 userx1	success	False	[{"name": "browserai", "status": "connected", "source": "user"}]	2	9	2026-10-04T01:29:17.068Z [DEBUG] MCP server "browserai": Starting connection with timeout of 30000ms || 2026-10-04T01:29:17.145Z [DEBUG] MCP server "browserai": Connection established with capabilities: {"hasTools":true,"hasPrompts":false,"hasResources":false,"hasResourceSubscribe":false,"serverVersion"	0	
D5-U-r3	2	True	False	LZ-CALL-SERVED (stub) call=1 launch=1 after=5000ms: browserai_list found no sessions under C:/q369-probe.	1	5004	0	1	True	76	[{"type": "text", "text": "LZ-CALL-SERVED (stub) call=1 launch=1 after=5000ms: browserai_list found no sessions under C:/q369-probe."}]	None	5021	assistantx2 result/successx1 system/initx1 userx1	success	False	[{"name": "browserai", "status": "connected", "source": "user"}]	2	9	2026-10-04T01:29:24.917Z [DEBUG] MCP server "browserai": Starting connection with timeout of 30000ms || 2026-10-04T01:29:24.991Z [DEBUG] MCP server "browserai": Connection established with capabilities: {"hasTools":true,"hasPrompts":false,"hasResources":false,"hasResourceSubscribe":false,"serverVersion"	0	
D5-V-r1	2	True	False	LZ-CALL-SERVED (stub) call=1 launch=1 after=5000ms: browserai_list found no sessions under C:/q369-probe.	1	5001	0	2	True	87	[{"type": "text", "text": "LZ-CALL-SERVED (stub) call=1 launch=1 after=5000ms: browserai_list found no sessions under C:/q369-probe."}]	None	5021	assistantx2 control_responsex1 result/successx1 userx1	success	False			9	2026-10-04T01:29:32.796Z [DEBUG] MCP server "browserai": Starting connection with timeout of 30000ms || 2026-10-04T01:29:32.879Z [DEBUG] MCP server "browserai": Connection established with capabilities: {"hasTools":true,"hasPrompts":false,"hasResources":false,"hasResourceSubscribe":false,"serverVersion"	0	
D5-V-r2	2	True	False	LZ-CALL-SERVED (stub) call=1 launch=1 after=5000ms: browserai_list found no sessions under C:/q369-probe.	1	5002	0	1	True	85	[{"type": "text", "text": "LZ-CALL-SERVED (stub) call=1 launch=1 after=5000ms: browserai_list found no sessions under C:/q369-probe."}]	None	5016	assistantx2 control_responsex1 result/successx1 userx1	success	False			9	2026-10-04T01:29:41.836Z [DEBUG] MCP server "browserai": Starting connection with timeout of 30000ms || 2026-10-04T01:29:41.928Z [DEBUG] MCP server "browserai": Connection established with capabilities: {"hasTools":true,"hasPrompts":false,"hasResources":false,"hasResourceSubscribe":false,"serverVersion"	0	
D5-V-r3	2	True	False	LZ-CALL-SERVED (stub) call=1 launch=1 after=5000ms: browserai_list found no sessions under C:/q369-probe.	1	5001	0	2	True	98	[{"type": "text", "text": "LZ-CALL-SERVED (stub) call=1 launch=1 after=5000ms: browserai_list found no sessions under C:/q369-probe."}]	None	5018	assistantx2 control_responsex1 result/successx1 userx1	success	False			9	2026-10-04T01:29:50.824Z [DEBUG] MCP server "browserai": Starting connection with timeout of 30000ms || 2026-10-04T01:29:50.913Z [DEBUG] MCP server "browserai": Connection established with capabilities: {"hasTools":true,"hasPrompts":false,"hasResources":false,"hasResourceSubscribe":false,"serverVersion"	0	
I10-U-r1	1	False			1				False	1908				assistantx1 result/successx1 system/initx1	success	False	[{"name": "browserai", "status": "pending", "source": "user"}]	0	2	2026-10-04T01:28:34.917Z [DEBUG] MCP server "browserai": Starting connection with timeout of 30000ms	0	
I10-U-r2	1	False			1				False	1920				assistantx1 result/successx1 system/initx1	success	False	[{"name": "browserai", "status": "pending", "source": "user"}]	0	2	2026-10-04T01:28:40.154Z [DEBUG] MCP server "browserai": Starting connection with timeout of 30000ms	0	
I10-U-r3	1	False			1				False	1926				assistantx1 result/successx1 system/initx1	success	False	[{"name": "browserai", "status": "pending", "source": "user"}]	0	2	2026-10-04T01:28:45.340Z [DEBUG] MCP server "browserai": Starting connection with timeout of 30000ms	0	
I10-V-r1	1	False			1				False	1967				assistantx1 control_responsex1 result/successx1	success	False			1	2026-10-04T01:28:50.404Z [DEBUG] MCP server "browserai": Starting connection with timeout of 30000ms	0	
I10-V-r2	1	False			1				False	1942				assistantx1 control_responsex1 result/successx1	success	False			1	2026-10-04T01:28:56.700Z [DEBUG] MCP server "browserai": Starting connection with timeout of 30000ms	0	
I10-V-r3	1	False			1				False	1920				assistantx1 control_responsex1 result/successx1	success	False			2	2026-10-04T01:29:03.046Z [DEBUG] MCP server "browserai": Starting connection with timeout of 30000ms	0	
I3-U-r1	1	False			1				False	1938				assistantx1 result/successx1 system/initx1	success	False	[{"name": "browserai", "status": "pending", "source": "user"}]	0	2	2026-10-04T01:28:01.119Z [DEBUG] MCP server "browserai": Starting connection with timeout of 30000ms	0	
I3-U-r2	1	False			1				False	1949				assistantx1 result/successx1 system/initx1	success	False	[{"name": "browserai", "status": "pending", "source": "user"}]	0	2	2026-10-04T01:28:06.223Z [DEBUG] MCP server "browserai": Starting connection with timeout of 30000ms	0	
I3-U-r3	1	False			1				False	1954				assistantx1 result/successx1 system/initx1	success	False	[{"name": "browserai", "status": "pending", "source": "user"}]	0	1	2026-10-04T01:28:11.347Z [DEBUG] MCP server "browserai": Starting connection with timeout of 30000ms	0	
I3-V-r1	1	False			1			3003	True	1929				assistantx1 control_responsex1 result/successx1	success	False			6	2026-10-04T01:28:16.504Z [DEBUG] MCP server "browserai": Starting connection with timeout of 30000ms || 2026-10-04T01:28:19.625Z [DEBUG] MCP server "browserai": Connection established with capabilities: {"hasTools":true,"hasPrompts":false,"hasResources":false,"hasResourceSubscribe":false,"serverVersion"	0	
I3-V-r2	1	False			1			3002	True	1947				assistantx1 control_responsex1 result/successx1	success	False			7	2026-10-04T01:28:22.760Z [DEBUG] MCP server "browserai": Starting connection with timeout of 30000ms || 2026-10-04T01:28:25.850Z [DEBUG] MCP server "browserai": Connection established with capabilities: {"hasTools":true,"hasPrompts":false,"hasResources":false,"hasResourceSubscribe":false,"serverVersion"	0	
I3-V-r3	1	False			1			3004	True	1918				assistantx1 control_responsex1 result/successx1	success	False			6	2026-10-04T01:28:28.571Z [DEBUG] MCP server "browserai": Starting connection with timeout of 30000ms || 2026-10-04T01:28:31.679Z [DEBUG] MCP server "browserai": Connection established with capabilities: {"hasTools":true,"hasPrompts":false,"hasResources":false,"hasResourceSubscribe":false,"serverVersion"	0	
