2026-10-03T01:26:36.6725398Z	67396	2026-10-03T01:26:36.6579450Z	C:\Source\SixFive7\BrowserAI\.work\state-across-close\rig\scenarios.js S 082 chromium pilot1
2026-10-03T01:27:26.8527226Z	63924	2026-10-03T01:27:26.8437043Z	C:\Source\SixFive7\BrowserAI\.work\state-across-close\rig\scenarios.js S 082 firefox pilot1
2026-10-03T01:28:34.9692455Z	27768	2026-10-03T01:28:34.9589597Z	C:\Source\SixFive7\BrowserAI\.work\state-across-close\rig\batch.js C:\Source\SixFive7\BrowserAI\.work\state-across-close\plan-pilot-R.txt
2026-10-03T01:30:35.5863156Z	79800	2026-10-03T01:30:35.5778112Z	C:\Source\SixFive7\BrowserAI\.work\state-across-close\rig\batch.js C:\Source\SixFive7\BrowserAI\.work\state-across-close\plan-pilot-R2.txt
2026-10-03T01:31:50.0371141Z	68976	2026-10-03T01:31:50.0282104Z	C:\Source\SixFive7\BrowserAI\.work\state-across-close\rig\batch.js C:\Source\SixFive7\BrowserAI\.work\state-across-close\plan-pilot-R3.txt
2026-10-03T01:34:22.9031372Z	76780	2026-10-03T01:34:22.8929365Z	C:\Source\SixFive7\BrowserAI\.work\state-across-close\rig\batch.js C:\Source\SixFive7\BrowserAI\.work\state-across-close\plan-pilot-4.txt
2026-10-03T01:39:04.9747622Z	79784	2026-10-03T01:39:04.9646089Z	C:\Source\SixFive7\BrowserAI\.work\state-across-close\rig\batch.js C:\Source\SixFive7\BrowserAI\.work\state-across-close\plan-pilot-5.txt
2026-10-03T01:41:46.4182485Z	74112	2026-10-03T01:41:46.4082263Z	C:\Source\SixFive7\BrowserAI\.work\state-across-close\rig\batch.js C:\Source\SixFive7\BrowserAI\.work\state-across-close\plan-pilot-6.txt
2026-10-03T01:42:39.9203317Z	54684	2026-10-03T01:42:39.9114112Z	C:\Source\SixFive7\BrowserAI\.work\state-across-close\rig\batch.js C:\Source\SixFive7\BrowserAI\.work\state-across-close\plan-matrix.txt
2026-10-03T05:17:30.3615648Z	47816	2026-10-03T05:17:30.3538712Z	C:\Source\SixFive7\BrowserAI\.work\state-across-close\rig\batch.js C:\Source\SixFive7\BrowserAI\.work\state-across-close\plan-p.txt
