rep	via	requestUtc	requestReturnMs	creationMs	mainMs	firstLineMs	creationToMainMs	mainToLineMs	pid	enginePid
1	schtasks	2026-10-08T14:12:41.2195949Z	31.0	45.1	60.1	60.6	14.9	0.5	30980	exit=0
2	schtasks	2026-10-08T14:12:42.3145376Z	31.1	71.1	84.7	85.1	13.5	0.4	100240	exit=0
3	schtasks	2026-10-08T14:12:43.4320483Z	59.0	64.3	75.7	76.1	11.4	0.4	70296	exit=0
4	schtasks	2026-10-08T14:12:44.5346589Z	27.4	31.8	43.5	43.9	11.7	0.4	97240	exit=0
5	schtasks	2026-10-08T14:12:45.6056743Z	25.6	61.6	73.9	74.6	12.3	0.7	38640	exit=0
6	schtasks	2026-10-08T14:12:46.7084412Z	27.4	33.9	46.6	48.0	12.7	1.4	31672	exit=0
7	schtasks	2026-10-08T14:12:47.7866025Z	25.6	62.6	74.3	74.7	11.7	0.5	83004	exit=0
8	schtasks	2026-10-08T14:12:48.9001358Z	27.1	64.9	77.4	77.9	12.5	0.5	77716	exit=0
9	schtasks	2026-10-08T14:12:50.0161480Z	28.5	34.2	48.9	49.4	14.7	0.5	10920	exit=0
10	schtasks	2026-10-08T14:12:51.1006269Z	28.8	30.6	43.0	43.5	12.4	0.5	14600	exit=0
