"(PDH-CSV 4.0) (W. Europe Summer Time)(-120)","\\<machine>\Processor(_Total)\% Processor Time"
"10/03/2026 20:31:16.064"," "
"10/03/2026 20:31:21.070","44.81773807758408168"
"10/03/2026 20:31:26.075","65.481306577405646863"
"10/03/2026 20:31:31.081","74.037652897258027451"
"10/03/2026 20:31:36.087","77.136957517190410272"
"10/03/2026 20:31:41.094","75.18235988419860405"
"10/03/2026 20:31:46.100","67.256374529850788235"
"10/03/2026 20:31:51.107","72.534583902641472264"
"10/03/2026 20:31:56.113","49.387350546153832909"
"10/03/2026 20:32:01.118","65.796250737105850703"
"10/03/2026 20:32:06.128","97.173786890171825803"
"10/03/2026 20:32:11.210","98.078392325895151771"
"10/03/2026 20:32:16.219","86.478177329667730078"
"10/03/2026 20:32:21.223","69.684544917848185719"
"10/03/2026 20:32:26.225","75.390505445295772802"
"10/03/2026 20:32:31.229","77.968201919134358491"
"10/03/2026 20:32:36.234","85.88133572558723472"
"10/03/2026 20:32:41.321","63.157802775456886479"
"10/03/2026 20:32:46.969","64.175789404710698705"
"10/03/2026 20:32:51.973","78.844113080627238332"
"10/03/2026 20:32:56.977","84.90310597002074644"
"10/03/2026 20:33:01.980","65.199424814769344039"
"10/03/2026 20:33:06.986","85.005709307537884456"
"10/03/2026 20:33:11.990","90.486346117691297763"
"10/03/2026 20:33:16.994","93.46252174323481654"
"10/03/2026 20:33:21.998","73.117349909852592305"
"10/03/2026 20:33:27.006","67.12075008454030467"
"10/03/2026 20:33:32.008","70.87630502141715283"
"10/03/2026 20:33:37.014","85.015296984226623067"
"10/03/2026 20:33:42.019","93.873300446154743781"
"10/03/2026 20:33:47.104","98.598132881090307933"
"10/03/2026 20:33:52.119","96.641352497160326607"
"10/03/2026 20:33:57.124","94.760797947934065633"
"10/03/2026 20:34:02.128","96.760231653387350548"
"10/03/2026 20:34:07.134","96.810774916785334199"
"10/03/2026 20:34:12.138","84.289793082165829219"
"10/03/2026 20:34:17.142","87.342026117126749796"
"10/03/2026 20:34:22.347","90.610386108301071317"
"10/03/2026 20:34:27.352","60.65147520436629236"
"10/03/2026 20:34:32.356","53.180998700163620185"
"10/03/2026 20:34:37.360","69.151135724533688176"
"10/03/2026 20:34:42.417","77.215770747029040422"
"10/03/2026 20:34:47.423","87.376679906745394533"
"10/03/2026 20:34:52.427","75.353565097245848392"
"10/03/2026 20:34:57.432","73.338208674971369305"
"10/03/2026 20:35:02.435","52.577937558808905294"
"10/03/2026 20:35:07.443","62.862437602558870253"
"10/03/2026 20:35:12.447","75.350725981357655314"
"10/03/2026 20:35:17.462","72.015238422511856697"
"10/03/2026 20:35:22.466","82.844953866949254007"
"10/03/2026 20:35:27.469","85.400157988830144973"
"10/03/2026 20:35:32.473","79.715629440667370886"
"10/03/2026 20:35:37.477","61.767186771457048167"
"10/03/2026 20:35:42.492","53.207175661028394131"
"10/03/2026 20:35:47.497","74.234689534944777733"
"10/03/2026 20:35:52.501","68.130960681931313161"
"10/03/2026 20:35:57.505","67.96128966264332405"
"10/03/2026 20:36:02.507","69.576292702423074843"
"10/03/2026 20:36:07.510","61.265154450232905958"
"10/03/2026 20:36:12.515","48.868670160682100345"
"10/03/2026 20:36:17.519","62.93169196203957938"
"10/03/2026 20:36:22.683","71.651688852912357675"
"10/03/2026 20:36:27.686","77.904227483307636248"
"10/03/2026 20:36:32.692","59.839735233042858908"
"10/03/2026 20:36:37.695","46.558076916865566375"
"10/03/2026 20:36:42.713","60.488063098175992138"
"10/03/2026 20:36:47.716","60.065699775621659739"
"10/03/2026 20:36:52.719","74.03205315149725152"
"10/03/2026 20:36:57.724","65.346889746615460126"
"10/03/2026 20:37:02.728","75.103857895931341204"
"10/03/2026 20:37:07.731","56.516049448939419619"
"10/03/2026 20:37:12.734","53.61880419435030376"
"10/03/2026 20:37:17.743","65.471426952872135985"
"10/03/2026 20:37:22.745","65.267962750115771087"
"10/03/2026 20:37:27.757","68.258415263540783258"
"10/03/2026 20:37:32.761","75.871424644978475271"
"10/03/2026 20:37:37.766","79.364260133576664202"
"10/03/2026 20:37:42.770","67.91613075102078767"
"10/03/2026 20:37:47.772","68.461007539015255929"
"10/03/2026 20:37:52.777","67.457404006305907274"
"10/03/2026 20:37:57.780","69.850342601111492513"
"10/03/2026 20:38:02.783","84.053737235543806605"
"10/03/2026 20:38:07.788","70.563493706780988646"
"10/03/2026 20:38:12.792","69.312780472878827709"
"10/03/2026 20:38:17.796","60.263618797654430637"
"10/03/2026 20:38:22.799","56.336452216756669031"
"10/03/2026 20:38:27.807","51.403610715331446102"
"10/03/2026 20:38:32.812","66.226110697691481732"
"10/03/2026 20:38:37.815","69.132131091572148307"
"10/03/2026 20:38:42.818","61.778625067505728907"
"10/03/2026 20:38:47.822","62.500877294094081549"
"10/03/2026 20:38:52.825","54.545639356333254"
"10/03/2026 20:38:57.840","60.759932398034045775"
"10/03/2026 20:39:02.844","63.872300149176240325"
"10/03/2026 20:39:07.847","62.183170670723185935"
"10/03/2026 20:39:12.850","64.621973280931271688"
"10/03/2026 20:39:17.855","63.167726464941054587"
"10/03/2026 20:39:22.858","59.306130029739570375"
"10/03/2026 20:39:27.862","60.791257082739001305"
"10/03/2026 20:39:32.880","64.695380614174283096"
"10/03/2026 20:39:37.885","73.288194207665242175"
"10/03/2026 20:39:42.888","72.110110467127967127"
"10/03/2026 20:39:47.896","80.886794569039466296"
"10/03/2026 20:39:52.900","90.116060563067875933"
"10/03/2026 20:39:57.905","79.05261803360646411"
"10/03/2026 20:40:02.909","76.506189412758885737"
"10/03/2026 20:40:07.923","83.599427122751848174"
"10/03/2026 20:40:12.933","98.703891857015889855"
"10/03/2026 20:40:17.937","90.798617813906858487"
"10/03/2026 20:40:22.945","98.673840906121682792"
"10/03/2026 20:40:27.969","99.261322614167866618"
"10/03/2026 20:40:32.975","94.137774371041558652"
"10/03/2026 20:40:37.979","94.965823869301885907"
"10/03/2026 20:40:43.004","94.635285318730367976"
"10/03/2026 20:40:48.052","99.816236949315467086"
"10/03/2026 20:40:53.065","100"
"10/03/2026 20:40:58.106","100"
"10/03/2026 20:41:03.114","99.990248619269991082"
"10/03/2026 20:41:08.125","100"
"10/03/2026 20:41:13.131","99.278116703880172622"
"10/03/2026 20:41:19.044","98.034716836192231426"
"10/03/2026 20:41:24.051","88.355527009113586701"
"10/03/2026 20:41:29.075","100"
"10/03/2026 20:41:34.082","100"
"10/03/2026 20:41:39.087","92.770351472274768412"
"10/03/2026 20:41:44.091","85.120474022596852137"
"10/03/2026 20:41:49.096","77.481770766416076412"
"10/03/2026 20:41:54.102","71.714237926941763135"
"10/03/2026 20:41:59.106","67.399464214147272401"
"10/03/2026 20:42:04.109","69.209797549974922504"
"10/03/2026 20:42:09.113","68.567501849371481626"
"10/03/2026 20:42:14.141","78.431390877701673503"
"10/03/2026 20:42:19.144","84.863545836361481634"
"10/03/2026 20:42:24.148","85.547477372581553823"
"10/03/2026 20:42:29.156","72.36011895307287034"
"10/03/2026 20:42:34.198","78.493800753900003997"
"10/03/2026 20:42:39.242","89.775621667484713839"
"10/03/2026 20:42:44.246","79.773615933516609289"
"10/03/2026 20:42:49.250","66.699350450020318704"
"10/03/2026 20:42:54.252","69.230887799380909087"
"10/03/2026 20:42:59.257","86.711532953950253955"
"10/03/2026 20:43:04.261","90.984447723265418517"
"10/03/2026 20:43:09.285","83.086951506942895662"
"10/03/2026 20:43:14.293","99.990252186301063375"
"10/03/2026 20:43:19.307","99.980519072757331855"
"10/03/2026 20:43:24.318","98.93779916471824265"
"10/03/2026 20:43:29.667","81.708649083062852014"
"10/03/2026 20:43:34.670","78.665034037754338669"
"10/03/2026 20:43:39.913","69.275589984982445912"
"10/03/2026 20:43:44.917","79.332341591339414322"
"10/03/2026 20:43:49.919","71.564991763350647602"
"10/03/2026 20:43:54.923","51.283475072938379924"
"10/03/2026 20:43:59.927","50.129992255338351015"
"10/03/2026 20:44:04.933","60.549058855918126199"
"10/03/2026 20:44:09.937","72.345756783871323137"
"10/03/2026 20:44:14.940","57.5973488178868962"
"10/03/2026 20:44:19.944","61.463292401910130991"
"10/03/2026 20:44:24.948","76.011111044486142418"
"10/03/2026 20:44:30.332","76.567170518583282046"
"10/03/2026 20:44:35.336","73.167171004449869542"
"10/03/2026 20:44:40.341","90.273475752849677178"
"10/03/2026 20:44:45.350","98.839949442467826657"
"10/03/2026 20:44:50.355","99.18049833921627112"
"10/03/2026 20:44:55.361","92.363168801897771232"
"10/03/2026 20:45:00.526","81.243825830486130712"
"10/03/2026 20:45:05.530","67.800127186580127159"
"10/03/2026 20:45:10.540","55.937388890096485738"
"10/03/2026 20:45:15.545","86.057028912670503473"
"10/03/2026 20:45:20.550","88.479626396822084189"
"10/03/2026 20:45:25.556","78.081822670660770314"
"10/03/2026 20:45:30.574","82.999412352538570303"
"10/03/2026 20:45:35.592","90.095263513514993292"
"10/03/2026 20:45:40.600","67.561953572896555897"
"10/03/2026 20:45:45.604","74.558426686281507045"
"10/03/2026 20:45:50.607","69.621262748763186323"
"10/03/2026 20:45:55.627","93.794653476651262736"
"10/03/2026 20:46:00.722","77.285819941068538697"
"10/03/2026 20:46:05.727","95.521481655729601812"
"10/03/2026 20:46:10.782","96.918730037664630572"
"10/03/2026 20:46:15.786","90.729734218734620299"
"10/03/2026 20:46:20.789","85.156291535056965358"
"10/03/2026 20:46:25.795","93.758165193783398195"
"10/03/2026 20:46:30.875","95.385606755058262252"
"10/03/2026 20:46:36.242","99.790771523509718577"
"10/03/2026 20:46:41.251","99.990252696935201016"
"10/03/2026 20:46:46.263","100"
"10/03/2026 20:46:51.271","96.577973104351087841"
"10/03/2026 20:46:56.334","94.763400688417760875"
"10/03/2026 20:47:01.923","96.610188991440992368"
"10/03/2026 20:47:07.034","97.4300694689724196"
"10/03/2026 20:47:12.206","100"
"10/03/2026 20:47:17.220","100"
"10/03/2026 20:47:22.228","99.960999305192160591"
"10/03/2026 20:47:27.235","98.878580014122718467"
"10/03/2026 20:47:32.245","96.247842849399418697"
"10/03/2026 20:47:37.250","91.471877483764046701"
"10/03/2026 20:47:42.256","83.214000065519428517"
"10/03/2026 20:47:47.260","86.331227149638607443"
"10/03/2026 20:47:52.266","86.402326322033673023"
"10/03/2026 20:47:57.275","81.362252697350726294"
"10/03/2026 20:48:02.293","83.272593792782927835"
"10/03/2026 20:48:07.297","79.711132223792972695"
"10/03/2026 20:48:12.303","78.74990205957210776"
"10/03/2026 20:48:17.316","80.819483625836667784"
"10/03/2026 20:48:22.321","67.413517590644687516"
"10/03/2026 20:48:27.323","60.060372986182031241"
"10/03/2026 20:48:32.326","66.90391340993582503"
"10/03/2026 20:48:37.331","63.700639593110288672"
"10/03/2026 20:48:42.335","50.688229401819427267"
"10/03/2026 20:48:47.338","54.49056537700555225"
"10/03/2026 20:48:52.346","58.198226108979433491"
"10/03/2026 20:48:57.351","59.214795960005204734"
"10/03/2026 20:49:02.354","56.725191808883977274"
"10/03/2026 20:49:07.357","78.468834676700154773"
"10/03/2026 20:49:12.362","100"
"10/03/2026 20:49:17.799","100"
"10/03/2026 20:49:22.804","99.990245601839376377"
"10/03/2026 20:49:27.808","86.73877447541288177"
"10/03/2026 20:49:32.813","91.161228203083950916"
"10/03/2026 20:49:37.818","89.579413256344565752"
"10/03/2026 20:49:42.823","76.335943389911079748"
"10/03/2026 20:49:47.828","56.133550906591430874"
"10/03/2026 20:49:52.831","68.284480959394670663"
"10/03/2026 20:49:57.836","58.036996060256875296"
"10/03/2026 20:50:02.840","77.22624667115860575"
"10/03/2026 20:50:07.844","71.917875546772989992"
"10/03/2026 20:50:12.848","75.709752945152146708"
"10/03/2026 20:50:17.854","70.185312264132178939"
"10/03/2026 20:50:22.858","65.296683669410882089"
"10/03/2026 20:50:27.862","50.129176060306711804"
"10/03/2026 20:50:32.865","58.483149420362636306"
"10/03/2026 20:50:37.867","50.959944652531433462"
"10/03/2026 20:50:42.869","51.1349341106955535"
"10/03/2026 20:50:47.872","62.714156265423447678"
"10/03/2026 20:50:52.875","63.637763966276786221"
"10/03/2026 20:50:57.879","61.453265363665089183"
"10/03/2026 20:51:02.888","32.301920710610040999"
"10/03/2026 20:51:07.891","44.997976362717352572"
"10/03/2026 20:51:12.903","47.544180938607162545"
"10/03/2026 20:51:17.910","36.00215084256311826"
"10/03/2026 20:51:22.913","34.386271708609108089"
"10/03/2026 20:51:27.930","33.631206455811955891"
"10/03/2026 20:51:32.933","42.549139372822232019"
"10/03/2026 20:51:37.947","43.107751663524481955"
"10/03/2026 20:51:42.950","36.841242893493230781"
"10/03/2026 20:51:47.953","34.472345985585349126"
"10/03/2026 20:51:52.957","36.836877731857306628"
"10/03/2026 20:51:57.959","54.820081792851205194"
"10/03/2026 20:52:02.962","41.599591551113235255"
"10/03/2026 20:52:07.968","81.244357116353427273"
"10/03/2026 20:52:12.971","97.472254339165232295"
"10/03/2026 20:52:17.979","87.977810028164498135"
"10/03/2026 20:52:22.982","84.044397812270815962"
"10/03/2026 20:52:27.987","94.048655461921256915"
"10/03/2026 20:52:33.001","98.402685865263634923"
"10/03/2026 20:52:38.629","100"
"10/03/2026 20:52:43.719","99.971223298032825255"
"10/03/2026 20:52:48.724","95.083365918592235744"
"10/03/2026 20:52:53.736","99.707726430310643195"
"10/03/2026 20:52:58.747","99.990255160529116552"
"10/03/2026 20:53:03.782","96.596430999546328167"
"10/03/2026 20:53:08.787","73.385896019181046768"
"10/03/2026 20:53:13.792","86.174971424084162663"
"10/03/2026 20:53:18.795","85.351326719809563315"
"10/03/2026 20:53:23.799","85.754057149745122501"
"10/03/2026 20:53:28.832","72.64705391400562462"
"10/03/2026 20:53:33.836","69.139104040799125528"
"10/03/2026 20:53:38.839","76.24639526704554271"
"10/03/2026 20:53:43.842","57.629313239021925597"
"10/03/2026 20:53:48.849","62.920461697296218517"
"10/03/2026 20:53:53.852","63.112445396737903991"
"10/03/2026 20:53:58.857","54.590692964511909224"
"10/03/2026 20:54:03.872","49.827663991693626144"
"10/03/2026 20:54:08.889","50.396476288954026757"
"10/03/2026 20:54:13.909","45.396734115402026077"
"10/03/2026 20:54:18.915","55.917013241959502068"
"10/03/2026 20:54:23.917","61.711306123369269017"
"10/03/2026 20:54:28.924","76.448809033420957348"
"10/03/2026 20:54:33.934","49.237729147912958183"
"10/03/2026 20:54:38.937","46.520290972582813538"
"10/03/2026 20:54:43.939","39.161121401422292365"
"10/03/2026 20:54:48.949","69.571313191687806921"
"10/03/2026 20:54:53.966","100"
"10/03/2026 20:54:58.974","99.863499434480829109"
"10/03/2026 20:55:03.978","95.853320366002904507"
"10/03/2026 20:55:08.984","88.636254535902736507"
"10/03/2026 20:55:13.987","68.427997120045503721"
"10/03/2026 20:55:18.990","69.871393520229347018"
"10/03/2026 20:55:24.001","47.805671600195410065"
"10/03/2026 20:55:29.032","61.046016362151419798"
"10/03/2026 20:55:34.162","57.784415653126899315"
"10/03/2026 20:55:39.165","64.009993845780940092"
"10/03/2026 20:55:44.169","64.557528466094112218"
"10/03/2026 20:55:49.173","50.368191750218457514"
"10/03/2026 20:55:54.190","61.142566667652531009"
"10/03/2026 20:55:59.194","45.595883865132726953"
"10/03/2026 20:56:04.196","37.669290806493904711"
"10/03/2026 20:56:09.199","59.842042516790968421"
"10/03/2026 20:56:14.203","67.192967614818158495"
"10/03/2026 20:56:19.205","50.53241618683698988"
"10/03/2026 20:56:24.210","63.197219624839981122"
"10/03/2026 20:56:29.216","73.038385931121823091"
"10/03/2026 20:56:34.224","50.370852038215311097"
"10/03/2026 20:56:39.240","53.456079668336229815"
"10/03/2026 20:56:44.318","54.819642156484562179"
"10/03/2026 20:56:49.322","35.822038944928159765"
"10/03/2026 20:56:54.326","57.432240935186229081"
"10/03/2026 20:56:59.329","53.618527910019906813"
"10/03/2026 20:57:04.332","47.042752006469171988"
"10/03/2026 20:57:09.391","74.828170855351288537"
"10/03/2026 20:57:14.431","61.406424343765621643"
"10/03/2026 20:57:19.434","50.803048185410013105"
"10/03/2026 20:57:24.436","55.331390355018861271"
"10/03/2026 20:57:29.439","57.96411057130329425"
"10/03/2026 20:57:34.442","39.783007016698768155"
"10/03/2026 20:57:39.468","66.570658225102405936"
"10/03/2026 20:57:44.501","59.549554464224094374"
"10/03/2026 20:57:49.505","57.911436499611767204"
"10/03/2026 20:57:54.509","56.898349859835683162"
"10/03/2026 20:57:59.512","53.534391600805776079"
"10/03/2026 20:58:04.516","65.770298799813645019"
"10/03/2026 20:58:09.521","63.977544892829897094"
"10/03/2026 20:58:14.525","58.365851725563324237"
"10/03/2026 20:58:19.528","51.777896517613527294"
"10/03/2026 20:58:24.532","55.609061246522450972"
"10/03/2026 20:58:29.539","59.220268586482035289"
"10/03/2026 20:58:34.541","60.366523637326906737"
"10/03/2026 20:58:39.545","48.049853175818938666"
"10/03/2026 20:58:44.548","46.51734057196505745"
"10/03/2026 20:58:49.550","43.472350709649084877"
"10/03/2026 20:58:54.553","43.602531784942691218"
"10/03/2026 20:58:59.556","39.589099426016062466"
"10/03/2026 20:59:04.559","30.350385480269814309"
"10/03/2026 20:59:09.561","24.797063339700208928"
"10/03/2026 20:59:14.564","28.067793402046426365"
"10/03/2026 20:59:19.566","30.689053281122713912"
"10/03/2026 20:59:24.569","29.281758988938420885"
"10/03/2026 20:59:29.572","27.716585987210219599"
"10/03/2026 20:59:34.575","24.623390700736358383"
"10/03/2026 20:59:39.579","28.396474507434888324"
"10/03/2026 20:59:44.581","26.344956309377554504"
"10/03/2026 20:59:49.584","31.986490087176122188"
"10/03/2026 20:59:54.586","30.385319550843405523"
"10/03/2026 20:59:59.589","24.472543509312249199"
"10/03/2026 21:00:04.593","24.626665489033015888"
"10/03/2026 21:00:09.595","41.17390023599752169"
"10/03/2026 21:00:14.598","62.471950530430305548"
"10/03/2026 21:00:19.601","36.55186704500157191"
"10/03/2026 21:00:24.603","22.993997549074340014"
"10/03/2026 21:00:29.605","18.289762587684656125"
"10/03/2026 21:00:34.608","22.401023645303872911"
"10/03/2026 21:00:39.610","25.417870635875651431"
"10/03/2026 21:00:44.613","31.828241189663806665"
"10/03/2026 21:00:49.615","34.030995512002945702"
"10/03/2026 21:00:54.617","40.510498745664357045"
"10/03/2026 21:00:59.621","39.204118717672876926"
"10/03/2026 21:01:04.624","33.277286816043286422"
"10/03/2026 21:01:09.626","48.4524098314137035"
"10/03/2026 21:01:14.634","38.674905062237996844"
"10/03/2026 21:01:19.655","82.634775152421127586"
