seq,utc,label,mode,verb,bound_ms,elapsed_ms,wall_ms,outcome,why
1,2026-10-04T01:50:03.3046249Z,cold-load,client,recheck,30000,23.902,25.949,Answered,"The coordinator, pid 83864, took 'recheck'."
1,2026-10-04T01:50:07.1391519Z,cold-load,client,host,30000,100.556,102.317,Answered,"The coordinator, pid 83864, took 'host'."
1,2026-10-04T01:50:10.6022944Z,cold-load,client,recheck,30000,34.805,37.847,Answered,"The coordinator, pid 83864, took 'recheck'."
1,2026-10-04T01:50:13.8032013Z,cold-load,client,host,30000,25.009,26.384,Answered,"The coordinator, pid 83864, took 'host'."
1,2026-10-04T01:50:17.0324015Z,cold-load,client,recheck,30000,31.703,33.986,Answered,"The coordinator, pid 83864, took 'recheck'."
1,2026-10-04T01:50:20.2717009Z,cold-load,client,host,30000,25.042,26.373,Answered,"The coordinator, pid 83864, took 'host'."
1,2026-10-04T01:50:23.5400190Z,cold-load,client,recheck,30000,30.061,32.380,Answered,"The coordinator, pid 83864, took 'recheck'."
1,2026-10-04T01:50:27.3647904Z,cold-load,client,host,30000,49.760,51.719,Answered,"The coordinator, pid 83864, took 'host'."
1,2026-10-04T01:50:31.0810758Z,cold-load,client,recheck,30000,514.871,516.583,Answered,"The coordinator, pid 83864, took 'recheck'."
1,2026-10-04T01:50:34.3957395Z,cold-load,client,host,30000,20.207,21.482,Answered,"The coordinator, pid 83864, took 'host'."
1,2026-10-04T01:50:37.5995592Z,cold-load,client,recheck,30000,33.335,35.705,Answered,"The coordinator, pid 83864, took 'recheck'."
1,2026-10-04T01:50:41.1188209Z,cold-load,client,host,30000,30.819,32.725,Answered,"The coordinator, pid 83864, took 'host'."
1,2026-10-04T01:50:44.3478448Z,cold-load,client,recheck,30000,29.636,30.899,Answered,"The coordinator, pid 83864, took 'recheck'."
1,2026-10-04T01:50:47.5688636Z,cold-load,client,host,30000,27.271,28.902,Answered,"The coordinator, pid 83864, took 'host'."
1,2026-10-04T01:50:51.0223946Z,cold-load,client,recheck,30000,31.718,33.441,Answered,"The coordinator, pid 83864, took 'recheck'."
1,2026-10-04T01:50:54.2231102Z,cold-load,client,host,30000,22.742,24.111,Answered,"The coordinator, pid 83864, took 'host'."
1,2026-10-04T01:50:57.4273860Z,cold-load,client,recheck,30000,24.276,25.688,Answered,"The coordinator, pid 83864, took 'recheck'."
1,2026-10-04T01:51:02.8344206Z,cold-load,client,host,30000,29.215,31.465,Answered,"The coordinator, pid 83864, took 'host'."
1,2026-10-04T01:51:06.0482502Z,cold-load,client,recheck,30000,21.480,22.756,Answered,"The coordinator, pid 83864, took 'recheck'."
1,2026-10-04T01:51:09.4928163Z,cold-load,client,host,30000,87.657,100.175,Answered,"The coordinator, pid 83864, took 'host'."
1,2026-10-04T01:51:15.3626824Z,cold-load,client,recheck,30000,198.925,201.274,Answered,"The coordinator, pid 83864, took 'recheck'."
1,2026-10-04T01:51:18.9132191Z,cold-load,client,host,30000,39.108,41.771,Answered,"The coordinator, pid 83864, took 'host'."
1,2026-10-04T01:51:22.1920579Z,cold-load,client,recheck,30000,28.489,30.157,Answered,"The coordinator, pid 83864, took 'recheck'."
1,2026-10-04T01:51:25.4426235Z,cold-load,client,host,30000,28.263,29.760,Answered,"The coordinator, pid 83864, took 'host'."
1,2026-10-04T01:51:30.6386907Z,cold-load,client,recheck,30000,1017.273,1021.133,Answered,"The coordinator, pid 83864, took 'recheck'."
1,2026-10-04T01:51:34.6350622Z,cold-load,client,host,30000,116.917,123.867,Answered,"The coordinator, pid 83864, took 'host'."
1,2026-10-04T01:51:38.8003305Z,cold-load,client,recheck,30000,96.097,98.964,Answered,"The coordinator, pid 83864, took 'recheck'."
1,2026-10-04T01:51:42.4576561Z,cold-load,client,host,30000,72.422,75.747,Answered,"The coordinator, pid 83864, took 'host'."
1,2026-10-04T01:51:46.8484196Z,cold-load,client,recheck,30000,45.344,47.426,Answered,"The coordinator, pid 83864, took 'recheck'."
1,2026-10-04T01:51:51.2817309Z,cold-load,client,host,30000,40.290,42.768,Answered,"The coordinator, pid 83864, took 'host'."
1,2026-10-04T01:51:54.8088239Z,cold-load,client,recheck,30000,46.267,48.986,Answered,"The coordinator, pid 83864, took 'recheck'."
1,2026-10-04T01:51:59.2196141Z,cold-load,client,host,30000,82.006,84.153,Answered,"The coordinator, pid 83864, took 'host'."
1,2026-10-04T01:52:03.1593675Z,cold-load,client,recheck,30000,148.530,152.322,Answered,"The coordinator, pid 83864, took 'recheck'."
1,2026-10-04T01:52:06.4990327Z,cold-load,client,host,30000,33.665,35.669,Answered,"The coordinator, pid 83864, took 'host'."
1,2026-10-04T01:52:09.6973770Z,cold-load,client,recheck,30000,21.349,22.882,Answered,"The coordinator, pid 83864, took 'recheck'."
1,2026-10-04T01:52:12.8794152Z,cold-load,client,host,30000,21.803,23.194,Answered,"The coordinator, pid 83864, took 'host'."
1,2026-10-04T01:52:16.0774084Z,cold-load,client,recheck,30000,21.703,23.104,Answered,"The coordinator, pid 83864, took 'recheck'."
1,2026-10-04T01:52:19.2716389Z,cold-load,client,host,30000,27.299,29.453,Answered,"The coordinator, pid 83864, took 'host'."
1,2026-10-04T01:52:22.5106305Z,cold-load,client,recheck,30000,40.273,42.194,Answered,"The coordinator, pid 83864, took 'recheck'."
1,2026-10-04T01:52:25.7199111Z,cold-load,client,host,30000,24.210,25.630,Answered,"The coordinator, pid 83864, took 'host'."
1,2026-10-04T01:52:29.0275313Z,cold-load,client,recheck,30000,36.037,38.508,Answered,"The coordinator, pid 83864, took 'recheck'."
1,2026-10-04T01:52:32.2743485Z,cold-load,client,host,30000,29.833,31.468,Answered,"The coordinator, pid 83864, took 'host'."
1,2026-10-04T01:52:35.6371212Z,cold-load,client,recheck,30000,67.344,69.437,Answered,"The coordinator, pid 83864, took 'recheck'."
1,2026-10-04T01:52:39.0748968Z,cold-load,client,host,30000,46.778,49.722,Answered,"The coordinator, pid 83864, took 'host'."
1,2026-10-04T01:52:42.3476999Z,cold-load,client,recheck,30000,30.337,31.981,Answered,"The coordinator, pid 83864, took 'recheck'."
1,2026-10-04T01:52:45.5391258Z,cold-load,client,host,30000,22.695,24.058,Answered,"The coordinator, pid 83864, took 'host'."
1,2026-10-04T01:52:48.8258928Z,cold-load,client,recheck,30000,48.005,51.019,Answered,"The coordinator, pid 83864, took 'recheck'."
1,2026-10-04T01:52:52.1301795Z,cold-load,client,host,30000,31.303,32.859,Answered,"The coordinator, pid 83864, took 'host'."
1,2026-10-04T01:52:55.8906539Z,cold-load,client,recheck,30000,83.918,92.776,Answered,"The coordinator, pid 83864, took 'recheck'."
1,2026-10-04T01:53:00.1929457Z,cold-load,client,host,30000,154.444,157.740,Answered,"The coordinator, pid 83864, took 'host'."
1,2026-10-04T01:53:05.3702013Z,cold-load,client,recheck,30000,469.509,471.715,Answered,"The coordinator, pid 83864, took 'recheck'."
1,2026-10-04T01:53:09.1087512Z,cold-load,client,host,30000,53.183,55.870,Answered,"The coordinator, pid 83864, took 'host'."
1,2026-10-04T01:53:12.4355071Z,cold-load,client,recheck,30000,27.555,28.846,Answered,"The coordinator, pid 83864, took 'recheck'."
1,2026-10-04T01:53:15.6325161Z,cold-load,client,host,30000,22.580,23.976,Answered,"The coordinator, pid 83864, took 'host'."
1,2026-10-04T01:53:18.9305628Z,cold-load,client,recheck,30000,38.866,41.253,Answered,"The coordinator, pid 83864, took 'recheck'."
1,2026-10-04T01:53:22.2272954Z,cold-load,client,host,30000,26.408,28.194,Answered,"The coordinator, pid 83864, took 'host'."
1,2026-10-04T01:53:25.4362731Z,cold-load,client,recheck,30000,21.929,23.239,Answered,"The coordinator, pid 83864, took 'recheck'."
1,2026-10-04T01:53:28.6240867Z,cold-load,client,host,30000,23.250,24.604,Answered,"The coordinator, pid 83864, took 'host'."
1,2026-10-04T01:53:31.8101562Z,cold-load,client,recheck,30000,21.967,23.736,Answered,"The coordinator, pid 83864, took 'recheck'."
1,2026-10-04T01:53:35.0480998Z,cold-load,client,host,30000,28.555,30.113,Answered,"The coordinator, pid 83864, took 'host'."
1,2026-10-04T01:53:38.2341485Z,cold-load,client,recheck,30000,21.986,23.217,Answered,"The coordinator, pid 83864, took 'recheck'."
1,2026-10-04T01:53:41.4191975Z,cold-load,client,host,30000,22.338,24.078,Answered,"The coordinator, pid 83864, took 'host'."
1,2026-10-04T01:53:44.5906972Z,cold-load,client,recheck,30000,20.026,21.248,Answered,"The coordinator, pid 83864, took 'recheck'."
1,2026-10-04T01:53:47.7711160Z,cold-load,client,host,30000,23.069,24.303,Answered,"The coordinator, pid 83864, took 'host'."
1,2026-10-04T01:53:50.9681152Z,cold-load,client,recheck,30000,19.844,21.058,Answered,"The coordinator, pid 83864, took 'recheck'."
1,2026-10-04T01:53:54.1339038Z,cold-load,client,host,30000,19.166,20.355,Answered,"The coordinator, pid 83864, took 'host'."
1,2026-10-04T01:53:57.3323902Z,cold-load,client,recheck,30000,23.858,25.172,Answered,"The coordinator, pid 83864, took 'recheck'."
1,2026-10-04T01:54:00.5379196Z,cold-load,client,host,30000,21.327,22.671,Answered,"The coordinator, pid 83864, took 'host'."
1,2026-10-04T01:54:03.8084279Z,cold-load,client,recheck,30000,40.990,43.830,Answered,"The coordinator, pid 83864, took 'recheck'."
1,2026-10-04T01:54:07.0158680Z,cold-load,client,host,30000,21.156,22.505,Answered,"The coordinator, pid 83864, took 'host'."
1,2026-10-04T01:54:10.2090968Z,cold-load,client,recheck,30000,22.133,23.550,Answered,"The coordinator, pid 83864, took 'recheck'."
1,2026-10-04T01:54:13.3828536Z,cold-load,client,host,30000,19.953,21.254,Answered,"The coordinator, pid 83864, took 'host'."
1,2026-10-04T01:54:16.5601316Z,cold-load,client,recheck,30000,20.948,22.166,Answered,"The coordinator, pid 83864, took 'recheck'."
