2026-10-04T01:50:03.173Z,--coordinate,0,76
2026-10-04T01:50:06.718Z,--start-host,0,405
2026-10-04T01:50:10.406Z,--coordinate,0,230
2026-10-04T01:50:13.687Z,--start-host,0,72
2026-10-04T01:50:16.897Z,--coordinate,0,82
2026-10-04T01:50:20.113Z,--start-host,0,71
2026-10-04T01:50:23.388Z,--coordinate,0,105
2026-10-04T01:50:27.166Z,--start-host,0,606
2026-10-04T01:50:30.461Z,--coordinate,0,86
2026-10-04T01:50:34.284Z,--start-host,0,163
2026-10-04T01:50:37.479Z,--coordinate,0,74
2026-10-04T01:50:40.889Z,--start-host,0,276
2026-10-04T01:50:44.224Z,--coordinate,0,88
2026-10-04T01:50:47.436Z,--start-host,0,78
2026-10-04T01:50:50.853Z,--coordinate,0,272
2026-10-04T01:50:54.114Z,--start-host,0,76
2026-10-04T01:50:57.317Z,--coordinate,0,74
2026-10-04T01:51:02.634Z,--start-host,0,137
2026-10-04T01:51:05.929Z,--coordinate,0,78
2026-10-04T01:51:09.156Z,--start-host,0,97
2026-10-04T01:51:12.756Z,--coordinate,0,238
2026-10-04T01:51:18.704Z,--start-host,0,243
2026-10-04T01:51:22.024Z,--coordinate,0,86
2026-10-04T01:51:25.302Z,--start-host,0,98
2026-10-04T01:51:29.354Z,--coordinate,0,879
2026-10-04T01:51:34.164Z,--start-host,0,340
2026-10-04T01:51:38.202Z,--coordinate,0,532
2026-10-04T01:51:42.198Z,--start-host,0,263
2026-10-04T01:51:46.140Z,--coordinate,0,632
2026-10-04T01:51:51.084Z,--start-host,0,105
2026-10-04T01:51:54.528Z,--coordinate,0,231
2026-10-04T01:51:58.683Z,--start-host,0,467
2026-10-04T01:52:02.682Z,--coordinate,0,363
2026-10-04T01:52:06.330Z,--start-host,0,105
2026-10-04T01:52:09.591Z,--coordinate,0,68
2026-10-04T01:52:12.775Z,--start-host,0,68
2026-10-04T01:52:15.961Z,--coordinate,0,73
2026-10-04T01:52:19.157Z,--start-host,0,70
2026-10-04T01:52:22.357Z,--coordinate,0,76
2026-10-04T01:52:25.603Z,--start-host,0,75
2026-10-04T01:52:28.847Z,--coordinate,0,110
2026-10-04T01:52:32.138Z,--start-host,0,92
2026-10-04T01:52:35.431Z,--coordinate,0,142
2026-10-04T01:52:38.874Z,--start-host,0,207
2026-10-04T01:52:42.204Z,--coordinate,0,114
2026-10-04T01:52:45.428Z,--start-host,0,69
2026-10-04T01:52:48.638Z,--coordinate,0,89
2026-10-04T01:52:51.968Z,--start-host,0,123
2026-10-04T01:52:55.536Z,--coordinate,0,389
2026-10-04T01:52:59.591Z,--start-host,0,677
2026-10-04T01:53:03.872Z,--coordinate,0,615
2026-10-04T01:53:08.819Z,--start-host,0,263
2026-10-04T01:53:12.292Z,--coordinate,0,165
2026-10-04T01:53:15.523Z,--start-host,0,78
2026-10-04T01:53:18.764Z,--coordinate,0,119
2026-10-04T01:53:22.080Z,--start-host,0,134
2026-10-04T01:53:25.319Z,--coordinate,0,81
2026-10-04T01:53:28.515Z,--start-host,0,69
2026-10-04T01:53:31.702Z,--coordinate,0,67
2026-10-04T01:53:34.923Z,--start-host,0,103
2026-10-04T01:53:38.131Z,--coordinate,0,69
2026-10-04T01:53:41.321Z,--start-host,0,73
2026-10-04T01:53:44.491Z,--coordinate,0,61
2026-10-04T01:53:47.671Z,--start-host,0,72
2026-10-04T01:53:50.873Z,--coordinate,0,83
2026-10-04T01:53:54.038Z,--start-host,0,64
2026-10-04T01:53:57.209Z,--coordinate,0,68
2026-10-04T01:54:00.427Z,--start-host,0,79
2026-10-04T01:54:03.640Z,--coordinate,0,93
2026-10-04T01:54:06.907Z,--start-host,0,82
2026-10-04T01:54:10.103Z,--coordinate,0,75
2026-10-04T01:54:13.287Z,--start-host,0,67
2026-10-04T01:54:16.461Z,--coordinate,0,71
