run	server_pid	delay_ms	recv	eof_seen	server_outcome	eof_to_server_exit_ms(utc)	eof_to_server_exit_ms(qpc_seen)	last_alive_after_eof_ms	closing_job_logged	standin_exit	standin_minus_server_exit_ms	client_exit_code	client_exit_vs_eof_ms	server_exit_vs_client_exit_ms	parent_exit_vs_eof_ms	actions	hosted_claude_exit_code	hosted_claude_exit_vs_eof_ms	server_exit_vs_hosted_claude_exit_ms	server_exit_vs_last_recv_ms	client_exit_vs_last_recv_ms	late_children	ctrl_events	server_job	server_exit_utc	eof_utc
d3-d100-r1	70808	100	initialize+notifications/initialized+tools/list+tools/call	NO	KILLED code 0 (job close)				no	code 0 (job close)	0.6	1		49.5		TERMINATE_CLIENT@ms_vs_eof				2219.8	2170.4			inJob=True immediateJobLimitFlags=0x2000 assigned=1 listed=1 first64=[70808]	2026-10-03T01:57:29.9492210Z	
d3-d100-r2	4336	100	initialize+notifications/initialized+tools/list+tools/call	NO	KILLED code 0 (job close)				no	code 0 (job close)	-0.0	1		36.4		TERMINATE_CLIENT@ms_vs_eof				2158.1	2121.7			inJob=True immediateJobLimitFlags=0x2000 assigned=1 listed=1 first64=[4336]	2026-10-03T01:57:34.7688287Z	
d3-d100-r3	68056	100	initialize+notifications/initialized+tools/list+tools/call	NO	KILLED code 0 (job close)				no	code 0 (job close)	-0.1	1		30.9		TERMINATE_CLIENT@ms_vs_eof				2154.3	2123.4			inJob=True immediateJobLimitFlags=0x2000 assigned=1 listed=1 first64=[68056]	2026-10-03T01:57:39.8842136Z	
d3-d15000-r1	77140	15000	initialize+notifications/initialized+tools/list+tools/call	NO	KILLED code 0 (job close)				no	code 0 (job close)	-0.0	1		34.1		TERMINATE_CLIENT@ms_vs_eof				2249.6	2215.5			inJob=True immediateJobLimitFlags=0x2000 assigned=1 listed=1 first64=[77140]	2026-10-03T01:57:45.7140473Z	
d3-d15000-r2	50600	15000	initialize+notifications/initialized+tools/list+tools/call	NO	KILLED code 0 (job close)				no	code 0 (job close)	0.0	1		44.2		TERMINATE_CLIENT@ms_vs_eof				2188.8	2144.6			inJob=True immediateJobLimitFlags=0x2000 assigned=1 listed=1 first64=[50600]	2026-10-03T01:57:50.5702784Z	
d3-d15000-r3	80304	15000	initialize+notifications/initialized+tools/list+tools/call	NO	KILLED code 0 (job close)				no	code 0 (job close)	0.0	1		6.3		TERMINATE_CLIENT@ms_vs_eof				2164.9	2158.7			inJob=True immediateJobLimitFlags=0x2000 assigned=1 listed=1 first64=[80304]	2026-10-03T01:57:56.6626858Z	
e4-d100-r1	57056	100	initialize+notifications/initialized+tools/list+tools/call+notifications/cancelled	yes	self-exit (77)	109.4	122.9	106.7	yes	code 0 (job close)	-1.0	1	135.8	-26.4		CLOSE_STDIN@-8.6ms_vs_eof				3128.2	3154.6	KILLER:taskkill pid=82780 ppid=77768 (client) created_vs_eof_ms=-5.9 exit_vs_eof_ms=139.4 code=0 cmd=C:\WINDOWS\System32\taskkill.exe /PID 57056 /T /F		inJob=True immediateJobLimitFlags=0x3C00 assigned=2 listed=2 first64=[77768,57056]	2026-10-03T01:56:45.6953734Z	2026-10-03T01:56:45.585956+00:00
e4-d100-r2	84580	100	initialize+notifications/initialized+tools/list+tools/call+notifications/cancelled	yes	self-exit (77)	102.0	114.9	100.1	yes	code 0 (job close)	-0.4	1	125.8	-23.9		CLOSE_STDIN@-8.5ms_vs_eof				3121.5	3145.4	KILLER:taskkill pid=45144 ppid=81632 (client) created_vs_eof_ms=-5.8 exit_vs_eof_ms=128.9 code=0 cmd=C:\WINDOWS\System32\taskkill.exe /PID 84580 /T /F		inJob=True immediateJobLimitFlags=0x3C00 assigned=2 listed=2 first64=[81632,84580]	2026-10-03T01:56:53.0488439Z	2026-10-03T01:56:52.946886+00:00
e4-d100-r3	82824	100	initialize+notifications/initialized+tools/list+tools/call+notifications/cancelled	yes	self-exit (77)	109.5	121.1	107.5	yes	code 0 (job close)	-0.5	1	134.1	-24.6		CLOSE_STDIN@-8.1ms_vs_eof				3129.7	3154.3	KILLER:taskkill pid=82536 ppid=55772 (client) created_vs_eof_ms=-5.7 exit_vs_eof_ms=138.0 code=0 cmd=C:\WINDOWS\System32\taskkill.exe /PID 82824 /T /F		inJob=True immediateJobLimitFlags=0x3C00 assigned=2 listed=2 first64=[55772,82824]	2026-10-03T01:57:00.4650036Z	2026-10-03T01:57:00.355522+00:00
e4-d15000-r1	58000	15000	initialize+notifications/initialized+tools/list+tools/call+notifications/cancelled	yes	KILLED code 1	591.6	600.1	578.4	no	code 1 (TerminateProcess/taskkill/TerminateJobObject)	-0.0	1	615.8	-24.3		CLOSE_STDIN@-9.0ms_vs_eof				3611.5	3635.7	KILLER:taskkill pid=71188 ppid=65012 (client) created_vs_eof_ms=-6.1 exit_vs_eof_ms=594.1 code=0 cmd=C:\WINDOWS\System32\taskkill.exe /PID 58000 /T /F | other:git.exe pid=11860 ppid=65012 (client) created_vs_eof_ms=578.4 exit_vs_eof_ms=615.9 code=1 cmd="C:\Program Files\Git\cmd\git.exe" -c core.askPass= -c protocol.ext.allow=never -c submodule.recurse=false -c log.showSignature=false -c format.pretty=medium -c		inJob=True immediateJobLimitFlags=0x3C00 assigned=2 listed=2 first64=[65012,58000]	2026-10-03T01:57:08.5556557Z	2026-10-03T01:57:07.964105+00:00
e4-d15000-r2	54632	15000	initialize+notifications/initialized+tools/list+tools/call+notifications/cancelled	yes	KILLED code 1	681.2	689.1	659.3	no	code 1 (TerminateProcess/taskkill/TerminateJobObject)	-0.0	1	702.5	-21.3		CLOSE_STDIN@-11.5ms_vs_eof				3703.1	3724.4	KILLER:taskkill pid=71728 ppid=50080 (client) created_vs_eof_ms=-7.8 exit_vs_eof_ms=683.5 code=0 cmd=C:\WINDOWS\System32\taskkill.exe /PID 54632 /T /F | other:git.exe pid=57140 ppid=50080 (client) created_vs_eof_ms=597.1 exit_vs_eof_ms=674.6 code=0 cmd="C:\Program Files\Git\cmd\git.exe" -c core.askPass= -c protocol.ext.allow=never -c submodule.recurse=false -c log.showSignature=false -c format.pretty=medium -c | other:git.exe pid=52480 ppid=57140 created_vs_eof_ms=644.1 exit_vs_eof_ms=667.8 code=0 cmd=git.exe -c core.askPass= -c protocol.ext.allow=never -c submodule.recurse=false -c log.showSignature=false -c format.pretty=medium -c gc.auto=0 -c maintenance.a		inJob=True immediateJobLimitFlags=0x3C00 assigned=2 listed=2 first64=[50080,54632]	2026-10-03T01:57:16.4867558Z	2026-10-03T01:57:15.805575+00:00
e4-d15000-r3	60020	15000	initialize+notifications/initialized+tools/list+tools/call+notifications/cancelled	yes	KILLED code 1	878.5	886.0	854.8	no	code 1 (TerminateProcess/taskkill/TerminateJobObject)	-0.0	1	900.5	-22.0		CLOSE_STDIN@-13.7ms_vs_eof				3918.5	3940.5	KILLER:taskkill pid=75112 ppid=14780 (client) created_vs_eof_ms=-8.5 exit_vs_eof_ms=879.7 code=0 cmd=C:\WINDOWS\System32\taskkill.exe /PID 60020 /T /F | other:git.exe pid=30200 ppid=14780 (client) created_vs_eof_ms=665.0 exit_vs_eof_ms=735.5 code=0 cmd="C:\Program Files\Git\cmd\git.exe" -c core.askPass= -c protocol.ext.allow=never -c submodule.recurse=false -c log.showSignature=false -c format.pretty=medium -c | other:git.exe pid=40836 ppid=30200 created_vs_eof_ms=699.1 exit_vs_eof_ms=728.1 code=0 cmd=git.exe -c core.askPass= -c protocol.ext.allow=never -c submodule.recurse=false -c log.showSignature=false -c format.pretty=medium -c gc.auto=0 -c maintenance.a | other:git.exe pid=18508 ppid=14780 (client) created_vs_eof_ms=740.7 exit_vs_eof_ms=804.3 code=0 cmd="C:\Program Files\Git\cmd\git.exe" -c core.askPass= -c protocol.ext.allow=never -c submodule.recurse=false -c log.showSignature=false -c format.pretty=medium -c		inJob=True immediateJobLimitFlags=0x3C00 assigned=2 listed=2 first64=[14780,60020]	2026-10-03T01:57:25.0204274Z	2026-10-03T01:57:24.141942+00:00
