run	server_pid	delay_ms	recv	eof_seen	server_outcome	eof_to_server_exit_ms(utc)	eof_to_server_exit_ms(qpc_seen)	last_alive_after_eof_ms	closing_job_logged	standin_exit	standin_minus_server_exit_ms	client_exit_code	client_exit_vs_eof_ms	server_exit_vs_client_exit_ms	parent_exit_vs_eof_ms	actions	server_exit_vs_last_recv_ms	client_exit_vs_last_recv_ms	late_children	ctrl_events	server_job	server_exit_utc	eof_utc
d1-d0-r1	77916	0	initialize+notifications/initialized+tools/list+tools/call	NO	KILLED code 1				no	code 1 (TerminateProcess/taskkill/TerminateJobObject)	0.0	0		-348.3		CLOSE_STDIN@ms_vs_eof	145.5	493.8			inJob=True immediateJobLimitFlags=0x2000 assigned=1 listed=1 first64=[77916]	2026-10-03T01:46:19.9272524Z	
d1-d0-r2	46252	0	initialize+notifications/initialized+tools/list+tools/call	NO	KILLED code 1				no	code 1 (TerminateProcess/taskkill/TerminateJobObject)	-0.0	0		-133.7		CLOSE_STDIN@ms_vs_eof	136.9	270.7			inJob=True immediateJobLimitFlags=0x2000 assigned=1 listed=1 first64=[46252]	2026-10-03T01:46:23.1566549Z	
d1-d0-r3	67476	0	initialize+notifications/initialized+tools/list+tools/call	NO	KILLED code 1				no	code 1 (TerminateProcess/taskkill/TerminateJobObject)	-0.0	0		-138.9		CLOSE_STDIN@ms_vs_eof	137.9	276.8			inJob=True immediateJobLimitFlags=0x2000 assigned=1 listed=1 first64=[67476]	2026-10-03T01:46:25.9224423Z	
d1-d100-r1	72372	100	initialize+notifications/initialized+tools/list+tools/call	NO	KILLED code 1				no	code 1 (TerminateProcess/taskkill/TerminateJobObject)	-0.0	0		-226.2		CLOSE_STDIN@ms_vs_eof	115.3	341.5			inJob=True immediateJobLimitFlags=0x2000 assigned=1 listed=1 first64=[72372]	2026-10-03T01:46:28.7165510Z	
d1-d100-r2	70136	100	initialize+notifications/initialized+tools/list+tools/call	NO	KILLED code 1				no	code 1 (TerminateProcess/taskkill/TerminateJobObject)	-0.0	0		-131.1		CLOSE_STDIN@ms_vs_eof	112.1	243.2			inJob=True immediateJobLimitFlags=0x2000 assigned=1 listed=1 first64=[70136]	2026-10-03T01:46:31.8986332Z	
d1-d100-r3	68572	100	initialize+notifications/initialized+tools/list+tools/call	NO	KILLED code 1				no	code 1 (TerminateProcess/taskkill/TerminateJobObject)	0.0	0		-161.1		CLOSE_STDIN@ms_vs_eof	171.7	332.8			inJob=True immediateJobLimitFlags=0x2000 assigned=1 listed=1 first64=[68572]	2026-10-03T01:46:34.7751874Z	
d1-d1000-r1	76652	1000	initialize+notifications/initialized+tools/list+tools/call	NO	KILLED code 1				no	code 1 (TerminateProcess/taskkill/TerminateJobObject)	-0.0	0		-143.8		CLOSE_STDIN@ms_vs_eof	147.8	291.6			inJob=True immediateJobLimitFlags=0x2000 assigned=1 listed=1 first64=[76652]	2026-10-03T01:46:38.4492414Z	
d1-d1000-r2	79052	1000	initialize+notifications/initialized+tools/list+tools/call	NO	KILLED code 1				no	code 1 (TerminateProcess/taskkill/TerminateJobObject)	0.1	0		-143.4		CLOSE_STDIN@ms_vs_eof	140.9	284.3			inJob=True immediateJobLimitFlags=0x2000 assigned=1 listed=1 first64=[79052]	2026-10-03T01:46:41.3729627Z	
d1-d1000-r3	18544	1000	initialize+notifications/initialized+tools/list+tools/call	NO	KILLED code 1				no	code 1 (TerminateProcess/taskkill/TerminateJobObject)	-0.0	0		-132.5		CLOSE_STDIN@ms_vs_eof	139.7	272.2			inJob=True immediateJobLimitFlags=0x2000 assigned=1 listed=1 first64=[18544]	2026-10-03T01:46:44.7655941Z	
d1-d15000-r1	47072	15000	initialize+notifications/initialized+tools/list+tools/call	NO	KILLED code 1				no	code 1 (TerminateProcess/taskkill/TerminateJobObject)	-5.7	0		-118.6		CLOSE_STDIN@ms_vs_eof	116.1	234.7			inJob=True immediateJobLimitFlags=0x2000 assigned=1 listed=1 first64=[47072]	2026-10-03T01:47:06.2349833Z	
d1-d15000-r2	30504	15000	initialize+notifications/initialized+tools/list+tools/call	NO	KILLED code 1				no	code 1 (TerminateProcess/taskkill/TerminateJobObject)	-0.1	0		-147.2		CLOSE_STDIN@ms_vs_eof	125.9	273.1			inJob=True immediateJobLimitFlags=0x2000 assigned=1 listed=1 first64=[30504]	2026-10-03T01:47:09.0339455Z	
d1-d15000-r3	46648	15000	initialize+notifications/initialized+tools/list+tools/call	NO	KILLED code 1				no	code 1 (TerminateProcess/taskkill/TerminateJobObject)	-0.0	0		-127.5		CLOSE_STDIN@ms_vs_eof	95.0	222.5			inJob=True immediateJobLimitFlags=0x2000 assigned=1 listed=1 first64=[46648]	2026-10-03T01:47:11.7435827Z	
d1-d3000-r1	73924	3000	initialize+notifications/initialized+tools/list+tools/call	NO	KILLED code 1				no	code 1 (TerminateProcess/taskkill/TerminateJobObject)	0.2	0		-151.6		CLOSE_STDIN@ms_vs_eof	123.2	274.8			inJob=True immediateJobLimitFlags=0x2000 assigned=1 listed=1 first64=[73924]	2026-10-03T01:46:47.6248682Z	
d1-d3000-r2	7092	3000	initialize+notifications/initialized+tools/list+tools/call	NO	KILLED code 1				no	code 1 (TerminateProcess/taskkill/TerminateJobObject)	0.0	0		-148.6		CLOSE_STDIN@ms_vs_eof	122.3	270.9			inJob=True immediateJobLimitFlags=0x2000 assigned=1 listed=1 first64=[7092]	2026-10-03T01:46:50.4283411Z	
d1-d3000-r3	80484	3000	initialize+notifications/initialized+tools/list+tools/call	NO	KILLED code 1				no	code 1 (TerminateProcess/taskkill/TerminateJobObject)	0.3	0		-167.6		CLOSE_STDIN@ms_vs_eof	196.3	363.9			inJob=True immediateJobLimitFlags=0x2000 assigned=1 listed=1 first64=[80484]	2026-10-03T01:46:53.7924501Z	
d1-d6000-r1	76920	6000	initialize+notifications/initialized+tools/list+tools/call	NO	KILLED code 1				no	code 1 (TerminateProcess/taskkill/TerminateJobObject)	-0.0	0		-156.0		CLOSE_STDIN@ms_vs_eof	164.1	320.2			inJob=True immediateJobLimitFlags=0x2000 assigned=1 listed=1 first64=[76920]	2026-10-03T01:46:57.2472221Z	
d1-d6000-r2	20488	6000	initialize+notifications/initialized+tools/list+tools/call	NO	KILLED code 1				no	code 1 (TerminateProcess/taskkill/TerminateJobObject)	-0.1	0		-137.4		CLOSE_STDIN@ms_vs_eof	111.0	248.4			inJob=True immediateJobLimitFlags=0x2000 assigned=1 listed=1 first64=[20488]	2026-10-03T01:47:00.1958489Z	
d1-d6000-r3	74388	6000	initialize+notifications/initialized+tools/list+tools/call	NO	KILLED code 1				no	code 1 (TerminateProcess/taskkill/TerminateJobObject)	0.0	0		-111.4		CLOSE_STDIN@ms_vs_eof	125.7	237.2			inJob=True immediateJobLimitFlags=0x2000 assigned=1 listed=1 first64=[74388]	2026-10-03T01:47:03.0476606Z	
d2-d0-r1	77584	0	initialize+notifications/initialized+tools/list+tools/call	NO	KILLED code 1				no	code 1 (TerminateProcess/taskkill/TerminateJobObject)	-0.0	0		-12.6		CLOSE_STDIN@ms_vs_eof	2105.0	2117.5			inJob=True immediateJobLimitFlags=0x2000 assigned=1 listed=1 first64=[77584]	2026-10-03T01:47:16.4278085Z	
d2-d0-r2	4516	0	initialize+notifications/initialized+tools/list+tools/call	NO	KILLED code 1				no	code 1 (TerminateProcess/taskkill/TerminateJobObject)	-0.2	0		-9.9		CLOSE_STDIN@ms_vs_eof	2107.1	2117.0			inJob=True immediateJobLimitFlags=0x2000 assigned=1 listed=1 first64=[4516]	2026-10-03T01:47:21.0662786Z	
d2-d0-r3	32700	0	initialize+notifications/initialized+tools/list+tools/call	NO	KILLED code 1				no	code 1 (TerminateProcess/taskkill/TerminateJobObject)	-0.1	0		-11.2		CLOSE_STDIN@ms_vs_eof	2138.4	2149.6			inJob=True immediateJobLimitFlags=0x2000 assigned=1 listed=1 first64=[32700]	2026-10-03T01:47:25.9872640Z	
d2-d100-r1	69416	100	initialize+notifications/initialized+tools/list+tools/call	NO	KILLED code 1				no	code 1 (TerminateProcess/taskkill/TerminateJobObject)	-0.0	0		-11.9		CLOSE_STDIN@ms_vs_eof	2128.9	2140.8			inJob=True immediateJobLimitFlags=0x2000 assigned=1 listed=1 first64=[69416]	2026-10-03T01:47:30.9681499Z	
d2-d100-r2	54588	100	initialize+notifications/initialized+tools/list+tools/call	NO	KILLED code 1				no	code 1 (TerminateProcess/taskkill/TerminateJobObject)	-0.2	0		-12.3		CLOSE_STDIN@ms_vs_eof	2149.8	2162.1			inJob=True immediateJobLimitFlags=0x2000 assigned=1 listed=1 first64=[54588]	2026-10-03T01:47:35.8269372Z	
d2-d100-r3	52840	100	initialize+notifications/initialized+tools/list+tools/call	NO	KILLED code 1				no	code 1 (TerminateProcess/taskkill/TerminateJobObject)	-0.0	0		-10.8		CLOSE_STDIN@ms_vs_eof	2104.1	2114.9			inJob=True immediateJobLimitFlags=0x2000 assigned=1 listed=1 first64=[52840]	2026-10-03T01:47:40.4572144Z	
d2-d1000-r1	44224	1000	initialize+notifications/initialized+tools/list+tools/call	NO	KILLED code 1				no	code 1 (TerminateProcess/taskkill/TerminateJobObject)	-0.0	0		-11.6		CLOSE_STDIN@ms_vs_eof	2133.3	2144.9			inJob=True immediateJobLimitFlags=0x2000 assigned=1 listed=1 first64=[44224]	2026-10-03T01:47:45.0944437Z	
d2-d1000-r2	75336	1000	initialize+notifications/initialized+tools/list+tools/call	NO	KILLED code 1				no	code 1 (TerminateProcess/taskkill/TerminateJobObject)	-0.1	0		-794.8		CLOSE_STDIN@ms_vs_eof	2126.5	2921.3			inJob=True immediateJobLimitFlags=0x2000 assigned=1 listed=1 first64=[75336]	2026-10-03T01:47:49.8558976Z	
d2-d1000-r3	25816	1000	initialize+notifications/initialized+tools/list+tools/call	NO	KILLED code 1				no	code 1 (TerminateProcess/taskkill/TerminateJobObject)	-0.0	0		-285.9		CLOSE_STDIN@ms_vs_eof	2127.5	2413.4			inJob=True immediateJobLimitFlags=0x2000 assigned=1 listed=1 first64=[25816]	2026-10-03T01:47:55.4042750Z	
d2-d15000-r1	30136	15000	initialize+notifications/initialized+tools/list+tools/call	NO	KILLED code 1				no	code 1 (TerminateProcess/taskkill/TerminateJobObject)	-0.0	0		-25.7		CLOSE_STDIN@ms_vs_eof	2174.9	2200.6			inJob=True immediateJobLimitFlags=0x2000 assigned=1 listed=1 first64=[30136]	2026-10-03T01:48:32.8945421Z	
d2-d15000-r2	58856	15000	initialize+notifications/initialized+tools/list+tools/call	NO	KILLED code 1				no	code 1 (TerminateProcess/taskkill/TerminateJobObject)	0.0	0		-15.6		CLOSE_STDIN@ms_vs_eof	2130.9	2146.5			inJob=True immediateJobLimitFlags=0x2000 assigned=1 listed=1 first64=[58856]	2026-10-03T01:48:38.1135680Z	
d2-d15000-r3	71300	15000	initialize+notifications/initialized+tools/list+tools/call	NO	KILLED code 1				no	code 1 (TerminateProcess/taskkill/TerminateJobObject)	-0.1	0		-15.6		CLOSE_STDIN@ms_vs_eof	2166.1	2181.7			inJob=True immediateJobLimitFlags=0x2000 assigned=1 listed=1 first64=[71300]	2026-10-03T01:48:43.0734178Z	
d2-d3000-r1	71264	3000	initialize+notifications/initialized+tools/list+tools/call	NO	KILLED code 1				no	code 1 (TerminateProcess/taskkill/TerminateJobObject)	0.1	0		-17.6		CLOSE_STDIN@ms_vs_eof	2159.3	2176.9			inJob=True immediateJobLimitFlags=0x2000 assigned=1 listed=1 first64=[71264]	2026-10-03T01:48:01.4449744Z	
d2-d3000-r2	68684	3000	initialize+notifications/initialized+tools/list+tools/call	NO	KILLED code 1				no	code 1 (TerminateProcess/taskkill/TerminateJobObject)	-0.0	0		-11.2		CLOSE_STDIN@ms_vs_eof	2134.4	2145.7			inJob=True immediateJobLimitFlags=0x2000 assigned=1 listed=1 first64=[68684]	2026-10-03T01:48:06.3629956Z	
d2-d3000-r3	70600	3000	initialize+notifications/initialized+tools/list+tools/call	NO	KILLED code 1				no	code 1 (TerminateProcess/taskkill/TerminateJobObject)	-0.1	0		-8.4		CLOSE_STDIN@ms_vs_eof	2128.7	2137.1			inJob=True immediateJobLimitFlags=0x2000 assigned=1 listed=1 first64=[70600]	2026-10-03T01:48:11.0330832Z	
d2-d6000-r1	46248	6000	initialize+notifications/initialized+tools/list+tools/call	NO	KILLED code 1				no	code 1 (TerminateProcess/taskkill/TerminateJobObject)	0.1	0		-11.2		CLOSE_STDIN@ms_vs_eof	2139.6	2150.8			inJob=True immediateJobLimitFlags=0x2000 assigned=1 listed=1 first64=[46248]	2026-10-03T01:48:16.1456448Z	
d2-d6000-r2	19480	6000	initialize+notifications/initialized+tools/list+tools/call	NO	KILLED code 1				no	code 1 (TerminateProcess/taskkill/TerminateJobObject)	-0.2	0		-19.5		CLOSE_STDIN@ms_vs_eof	2255.6	2275.1			inJob=True immediateJobLimitFlags=0x2000 assigned=1 listed=1 first64=[19480]	2026-10-03T01:48:21.8132619Z	
d2-d6000-r3	4464	6000	initialize+notifications/initialized+tools/list+tools/call	NO	KILLED code 1				no	code 1 (TerminateProcess/taskkill/TerminateJobObject)	49.5	0		-13.3		CLOSE_STDIN@ms_vs_eof	2167.5	2180.8			inJob=True immediateJobLimitFlags=0x2000 assigned=1 listed=1 first64=[4464]	2026-10-03T01:48:26.9400879Z	
