run	note	server_pid	delay_ms	recv	eof_seen	server_outcome	eof_to_server_exit_ms(utc)	eof_to_server_exit_ms(qpc_seen)	last_alive_after_eof_ms	closing_job_logged	standin_exit	standin_minus_server_exit_ms	client_exit_code	client_exit_vs_eof_ms	server_exit_vs_client_exit_ms	parent_exit_vs_eof_ms	actions	hosted_claude_exit_code	hosted_claude_exit_vs_eof_ms	server_exit_vs_hosted_claude_exit_ms	server_exit_vs_last_recv_ms	client_exit_vs_last_recv_ms	late_children	ctrl_events	server_job	server_exit_utc	eof_utc
codex-version	NO SERVER LOG																										
d1-d100-r1		85860	100	initialize+notifications/initialized+tools/list+tools/call	NO	KILLED code 1				no	code 1 (TerminateProcess/taskkill/TerminateJobObject)	-0.1	0		-187.7		CLOSE_STDIN@ms_vs_eof				176.6	364.3			inJob=True immediateJobLimitFlags=0x2000 assigned=2 listed=2 first64=[85860,69488]	2026-10-03T02:12:31.3321618Z	
d1-d100-r2		40544	100	initialize+notifications/initialized+tools/list+tools/call	NO	KILLED code 1				no	code 1 (TerminateProcess/taskkill/TerminateJobObject)	-0.1	0		-138.5		CLOSE_STDIN@ms_vs_eof				115.9	254.4			inJob=True immediateJobLimitFlags=0x2000 assigned=2 listed=2 first64=[40544,30716]	2026-10-03T02:12:34.2132330Z	
d1-d100-r3		59876	100	initialize+notifications/initialized+tools/list+tools/call	NO	KILLED code 1				no	code 1 (TerminateProcess/taskkill/TerminateJobObject)	-0.1	0		-163.3		CLOSE_STDIN@ms_vs_eof				128.6	292.0			inJob=True immediateJobLimitFlags=0x2000 assigned=2 listed=2 first64=[59876,71352]	2026-10-03T02:12:37.2979496Z	
d1-d15000-r1		82880	15000	initialize+notifications/initialized+tools/list+tools/call	NO	KILLED code 1				no	code 1 (TerminateProcess/taskkill/TerminateJobObject)	-0.2	0		-133.7		CLOSE_STDIN@ms_vs_eof				140.3	274.0			inJob=True immediateJobLimitFlags=0x2000 assigned=2 listed=2 first64=[82880,76844]	2026-10-03T02:12:40.2374342Z	
d1-d15000-r2		12672	15000	initialize+notifications/initialized+tools/list+tools/call	NO	KILLED code 1				no	code 1 (TerminateProcess/taskkill/TerminateJobObject)	-0.1	0		-150.4		CLOSE_STDIN@ms_vs_eof				101.9	252.3			inJob=True immediateJobLimitFlags=0x2000 assigned=2 listed=2 first64=[12672,82288]	2026-10-03T02:12:42.9999826Z	
d1-d15000-r3		47476	15000	initialize+notifications/initialized+tools/list+tools/call	NO	KILLED code 1				no	code 1 (TerminateProcess/taskkill/TerminateJobObject)	-0.0	0		-174.2		CLOSE_STDIN@ms_vs_eof				103.8	278.0			inJob=True immediateJobLimitFlags=0x2000 assigned=2 listed=2 first64=[47476,73132]	2026-10-03T02:12:45.6956182Z	
d2-d100-r1		8476	100	initialize+notifications/initialized+tools/list+tools/call	NO	KILLED code 1				no	code 1 (TerminateProcess/taskkill/TerminateJobObject)	-0.1	0		-10.1		CLOSE_STDIN@ms_vs_eof				2094.5	2104.6			inJob=True immediateJobLimitFlags=0x2000 assigned=2 listed=2 first64=[8476,52172]	2026-10-03T02:12:50.5398418Z	
d2-d100-r2		77576	100	initialize+notifications/initialized+tools/list+tools/call	NO	KILLED code 1				no	code 1 (TerminateProcess/taskkill/TerminateJobObject)	-4.4	0		-10.2		CLOSE_STDIN@ms_vs_eof				2136.8	2147.0			inJob=True immediateJobLimitFlags=0x2000 assigned=2 listed=2 first64=[77576,30436]	2026-10-03T02:12:55.4312188Z	
d2-d100-r3		83356	100	initialize+notifications/initialized+tools/list+tools/call	NO	KILLED code 1				no	code 1 (TerminateProcess/taskkill/TerminateJobObject)	-0.0	0		-14.5		CLOSE_STDIN@ms_vs_eof				2131.4	2145.9			inJob=True immediateJobLimitFlags=0x2000 assigned=2 listed=2 first64=[83356,80656]	2026-10-03T02:13:00.2601636Z	
d2-d15000-r1		80196	15000	initialize+notifications/initialized+tools/list+tools/call	NO	KILLED code 1				no	code 1 (TerminateProcess/taskkill/TerminateJobObject)	-0.0	0		-19.3		CLOSE_STDIN@ms_vs_eof				2107.4	2126.7			inJob=True immediateJobLimitFlags=0x2000 assigned=2 listed=2 first64=[80196,69024]	2026-10-03T02:13:04.9058776Z	
d2-d15000-r2		75940	15000	initialize+notifications/initialized+tools/list+tools/call	NO	KILLED code 1				no	code 1 (TerminateProcess/taskkill/TerminateJobObject)	-0.0	0		-80.9		CLOSE_STDIN@ms_vs_eof				2100.4	2181.3			inJob=True immediateJobLimitFlags=0x2000 assigned=2 listed=2 first64=[75940,8072]	2026-10-03T02:13:09.4685844Z	
d2-d15000-r3		84020	15000	initialize+notifications/initialized+tools/list+tools/call	NO	KILLED code 1				no	code 1 (TerminateProcess/taskkill/TerminateJobObject)	-0.1	0		-16.1		CLOSE_STDIN@ms_vs_eof				2114.2	2130.2			inJob=True immediateJobLimitFlags=0x2000 assigned=2 listed=2 first64=[84020,14368]	2026-10-03T02:13:14.2329288Z	
d3-d100-r1		3616	100	initialize+notifications/initialized+tools/list+tools/call	NO	KILLED code 0 (job close)				no	code 0 (job close)	-0.1	1		5.4		TERMINATE_CLIENT@ms_vs_eof				2119.4	2114.0			inJob=True immediateJobLimitFlags=0x2000 assigned=2 listed=2 first64=[3616,63736]	2026-10-03T02:13:19.0966087Z	
d3-d100-r2		13088	100	initialize+notifications/initialized+tools/list+tools/call	NO	KILLED code 0 (job close)				no	code 0 (job close)	0.0	1		8.7		TERMINATE_CLIENT@ms_vs_eof				2098.7	2090.0			inJob=True immediateJobLimitFlags=0x2000 assigned=2 listed=2 first64=[13088,44868]	2026-10-03T02:13:23.6210657Z	
d3-d100-r3		80240	100	initialize+notifications/initialized+tools/list+tools/call	NO	KILLED code 0 (job close)				no	code 0 (job close)	-0.0	1		8.4		TERMINATE_CLIENT@ms_vs_eof				2101.8	2093.4			inJob=True immediateJobLimitFlags=0x2000 assigned=2 listed=2 first64=[80240,81576]	2026-10-03T02:13:28.2066550Z	
d3-d15000-r1		85264	15000	initialize+notifications/initialized+tools/list+tools/call	NO	KILLED code 0 (job close)				no	code 0 (job close)	-0.2	1		12.5		TERMINATE_CLIENT@ms_vs_eof				2149.7	2137.1			inJob=True immediateJobLimitFlags=0x2000 assigned=2 listed=2 first64=[85264,83940]	2026-10-03T02:13:32.8990532Z	
d3-d15000-r2		80528	15000	initialize+notifications/initialized+tools/list+tools/call	NO	KILLED code 0 (job close)				no	code 0 (job close)	-0.1	1		14.7		TERMINATE_CLIENT@ms_vs_eof				2143.1	2128.3			inJob=True immediateJobLimitFlags=0x2000 assigned=2 listed=2 first64=[80528,78244]	2026-10-03T02:13:37.8948062Z	
d3-d15000-r3		70296	15000	initialize+notifications/initialized+tools/list+tools/call	yes	KILLED code 0 (job close)	3.4	14.6		no	code 0 (job close)	-0.2	1	-5.8	9.2		TERMINATE_CLIENT@-10.6ms_vs_eof				2160.1	2150.9			inJob=True immediateJobLimitFlags=0x2000 assigned=2 listed=2 first64=[70296,83928]	2026-10-03T02:13:42.8298310Z	2026-10-03T02:13:42.826435+00:00
