"run"	"server"	"keeperSeen"	"keeperExit"	"keeperPpid"	"launcher"	"keeperJob"	"sawServerGone"	"finished5s"	"stillAlive"
"ka-child-d15000-r1"	"code 1"	"True"	"1"	"37124"	"-"	"0x800"	"False"	"False"	""
"ka-child-d15000-r2"	"code 1"	"True"	"1"	"69492"	"-"	"0x800"	"False"	"False"	""
"ka-child-d15000-r3"	"code 1"	"True"	"1"	"72920"	"-"	"0x800"	"False"	"False"	""
"ka-orphan-d15000-r1"	"code 1"	"True"	"88"	"3908"	"pid 3908 exit 0"	"0x800"	"True"	"True"	""
"ka-orphan-d15000-r2"	"code 1"	"True"	"88"	"71240"	"pid 71240 exit 0"	"0x800"	"True"	"True"	""
"ka-orphan-d15000-r3"	"code 1"	"True"	"88"	"57292"	"pid 57292 exit 0"	"0x800"	"True"	"True"	""
"kb1-child-d15000-r1"	"code 1"	"True"	"1"	"31792"	"-"	"0x800"	"False"	"False"	""
"kb1-child-d15000-r2"	"code 1"	"True"	"1"	"75848"	"-"	"0x800"	"False"	"False"	""
"kb1-child-d15000-r3"	"code 1"	"True"	"1"	"65988"	"-"	"0x800"	"False"	"False"	""
"kb1-orphan-d15000-r1"	"code 1"	"True"	"88"	"26144"	"pid 26144 exit 0"	"0x800"	"True"	"True"	""
"kb1-orphan-d15000-r2"	"code 1"	"True"	"88"	"71888"	"pid 71888 exit 0"	"0x800"	"True"	"True"	""
"kb1-orphan-d15000-r3"	"code 1"	"True"	"88"	"28236"	"pid 28236 exit 0"	"0x800"	"True"	"True"	""
"kb2-child-d15000-r1"	"code 0"	"True"	"88"	"51488"	"-"	"0x800"	"True"	"True"	""
"kb2-child-d15000-r2"	"code 0"	"True"	"88"	"32844"	"-"	"0x800"	"True"	"True"	""
"kb2-child-d15000-r3"	"code 0"	"True"	"88"	"77888"	"-"	"0x800"	"True"	"True"	""
"kb2-orphan-d15000-r1"	"code 0"	"True"	"88"	"61972"	"pid 61972 exit 0"	"0x800"	"True"	"True"	""
"kb2-orphan-d15000-r2"	"code 0"	"True"	"88"	"69988"	"pid 69988 exit 0"	"0x800"	"True"	"True"	""
"kb2-orphan-d15000-r3"	"code 0"	"True"	"88"	"85992"	"pid 85992 exit 0"	"0x800"	"True"	"True"	""
"kd1-child-d15000-r1"	"code 1"	"True"	"1"	"75628"	"-"	"0x2000"	"False"	"False"	""
"kd1-child-d15000-r2"	"code 1"	"True"	"1"	"29320"	"-"	"0x2000"	"False"	"False"	""
"kd1-child-d15000-r3"	"code 1"	"True"	"1"	"76816"	"-"	"0x2000"	"False"	"False"	""
"kd1-orphan-d15000-r1"	"code 1"	"True"	"1"	"48636"	"pid 48636 exit 0"	"0x2000"	"False"	"False"	""
"kd1-orphan-d15000-r2"	"code 1"	"True"	"1"	"81736"	"pid 81736 exit 0"	"0x2000"	"False"	"False"	""
"kd1-orphan-d15000-r3"	"code 1"	"True"	"1"	"49416"	"pid 49416 exit 0"	"0x2000"	"False"	"False"	""
"kd2-child-d15000-r1"	"code 1"	"True"	"1"	"65060"	"-"	"0x2000"	"False"	"False"	""
"kd2-child-d15000-r2"	"code 1"	"True"	"1"	"51916"	"-"	"0x2000"	"False"	"False"	""
"kd2-child-d15000-r3"	"code 1"	"True"	"1"	"59688"	"-"	"0x2000"	"False"	"False"	""
"kd2-orphan-d15000-r1"	"code 1"	"True"	"1"	"66108"	"pid 66108 exit 0"	"0x2000"	"False"	"False"	""
"kd2-orphan-d15000-r2"	"code 1"	"True"	"1"	"23524"	"pid 23524 exit 0"	"0x2000"	"False"	"False"	""
"kd2-orphan-d15000-r3"	"code 1"	"True"	"1"	"44340"	"pid 44340 exit 0"	"0x2000"	"False"	"False"	""
