id	at	tool	outcome	settled_at	why_is_idle_close	why_chars	failure_chars
1	2026-09-29T12:50:24.7424659+02:00	browserai_init	successful	2026-09-29T12:50:25.1045902+02:00	no	348	0
2	2026-09-29T12:51:50.9311242+02:00	browser_navigate	successful	2026-09-29T12:51:54.4710131+02:00	no	99	0
3	2026-09-29T12:51:58.8893846+02:00	browser_evaluate	successful	2026-09-29T12:51:59.4061514+02:00	no	112	0
4	2026-09-29T12:58:50.0799357+02:00	browser_evaluate	successful	2026-09-29T12:58:50.6036669+02:00	no	71	0
5	2026-09-29T13:00:09.1163016+02:00	browser_evaluate	successful	2026-09-29T13:00:09.6310071+02:00	no	92	0
6	2026-09-29T13:00:22.7483854+02:00	browser_navigate	successful	2026-09-29T13:00:24.2698957+02:00	no	127	0
7	2026-09-29T13:00:37.3366338+02:00	browser_click	successful	2026-09-29T13:00:38.2064365+02:00	no	122	0
8	2026-09-29T13:00:53.1314448+02:00	browser_type	successful	2026-09-29T13:00:53.1652102+02:00	no	84	0
9	2026-09-29T13:00:57.0038343+02:00	browser_evaluate	successful	2026-09-29T13:00:57.5176624+02:00	no	94	0
10	2026-09-29T13:01:00.9756886+02:00	browser_click	successful	2026-09-29T13:01:02.6639193+02:00	no	68	0
11	2026-09-29T13:01:10.7999210+02:00	browser_network_requests	successful	2026-09-29T13:01:10.8061404+02:00	no	95	0
12	2026-09-29T13:01:15.2303417+02:00	browser_network_request	successful	2026-09-29T13:01:15.2342363+02:00	no	97	0
13	2026-09-29T13:01:18.5114084+02:00	browser_network_request	successful	2026-09-29T13:01:18.5153802+02:00	no	62	0
14	2026-09-29T13:01:18.9521925+02:00	browser_network_request	successful	2026-09-29T13:01:18.9565262+02:00	no	62	0
15	2026-09-29T13:01:23.4298653+02:00	browser_navigate	successful	2026-09-29T13:01:24.1542655+02:00	no	156	0
16	2026-09-29T13:01:27.0851070+02:00	browser_network_requests	successful	2026-09-29T13:01:27.0881167+02:00	no	77	0
17	2026-09-29T13:01:31.0259756+02:00	browser_network_request	failed	2026-09-29T13:01:31.0291401+02:00	no	106	454
18	2026-09-29T13:01:33.8494822+02:00	browser_network_request	successful	2026-09-29T13:01:33.8548425+02:00	no	106	0
19	2026-09-29T13:01:52.4518805+02:00	browser_find	successful	2026-09-29T13:01:52.4765622+02:00	no	101	0
20	2026-09-29T13:01:58.0964429+02:00	browser_click	successful	2026-09-29T13:01:59.2884447+02:00	no	128	0
21	2026-09-29T13:02:01.8779247+02:00	browser_network_requests	successful	2026-09-29T13:02:01.8804970+02:00	no	66	0
22	2026-09-29T13:02:07.6009838+02:00	browser_network_request	successful	2026-09-29T13:02:07.6066617+02:00	no	71	0
23	2026-09-29T13:02:08.9079967+02:00	browser_network_request	successful	2026-09-29T13:02:08.9140340+02:00	no	88	0
24	2026-09-29T13:02:09.7395663+02:00	browser_network_request	successful	2026-09-29T13:02:09.7421854+02:00	no	82	0
25	2026-09-29T13:02:29.9892401+02:00	browser_evaluate	successful	2026-09-29T13:02:31.1436841+02:00	no	142	0
26	2026-09-29T13:02:42.7484947+02:00	browser_navigate	successful	2026-09-29T13:02:43.6390043+02:00	no	127	0
27	2026-09-29T13:02:53.4804548+02:00	browser_click	successful	2026-09-29T13:02:54.3719814+02:00	no	130	0
28	2026-09-29T13:03:01.3163955+02:00	browser_type	successful	2026-09-29T13:03:01.3408137+02:00	no	84	0
29	2026-09-29T13:03:02.9651403+02:00	browser_evaluate	successful	2026-09-29T13:03:03.4757771+02:00	no	94	0
30	2026-09-29T13:03:06.4766687+02:00	browser_click	successful	2026-09-29T13:03:07.1703833+02:00	no	76	0
31	2026-09-29T13:03:13.4769924+02:00	browser_evaluate	successful	2026-09-29T13:03:14.7394249+02:00	no	126	0
32	2026-09-29T13:03:20.1761561+02:00	browser_navigate	successful	2026-09-29T13:03:21.0014994+02:00	no	127	0
33	2026-09-29T13:03:33.5113180+02:00	browser_click	successful	2026-09-29T13:03:37.1235513+02:00	no	115	0
34	2026-09-29T13:03:44.0748741+02:00	browser_type	successful	2026-09-29T13:03:44.0998709+02:00	no	84	0
35	2026-09-29T13:03:45.8579162+02:00	browser_evaluate	successful	2026-09-29T13:03:46.8852714+02:00	no	94	0
36	2026-09-29T13:03:50.1671214+02:00	browser_click	successful	2026-09-29T13:03:50.8921451+02:00	no	61	0
37	2026-09-29T13:03:56.6470805+02:00	browser_evaluate	successful	2026-09-29T13:03:57.9176170+02:00	no	126	0
38	2026-09-29T13:04:02.9555840+02:00	browser_navigate	successful	2026-09-29T13:04:03.9181482+02:00	no	127	0
39	2026-09-29T13:04:15.2430504+02:00	browser_click	successful	2026-09-29T13:04:18.6365307+02:00	no	128	0
40	2026-09-29T13:04:25.7248575+02:00	browser_type	successful	2026-09-29T13:04:25.7487668+02:00	no	84	0
41	2026-09-29T13:04:27.5840565+02:00	browser_evaluate	successful	2026-09-29T13:04:28.6110566+02:00	no	94	0
42	2026-09-29T13:04:31.8147269+02:00	browser_click	successful	2026-09-29T13:04:32.5100513+02:00	no	59	0
43	2026-09-29T13:04:38.0522493+02:00	browser_evaluate	successful	2026-09-29T13:04:39.3122360+02:00	no	126	0
44	2026-09-29T13:04:43.0387149+02:00	browser_navigate	successful	2026-09-29T13:04:43.9156648+02:00	no	127	0
45	2026-09-29T13:04:54.1486295+02:00	browser_click	successful	2026-09-29T13:04:55.1993493+02:00	no	118	0
46	2026-09-29T13:05:02.3927926+02:00	browser_type	successful	2026-09-29T13:05:02.4140733+02:00	no	84	0
47	2026-09-29T13:05:03.8611164+02:00	browser_evaluate	successful	2026-09-29T13:05:04.3755263+02:00	no	94	0
48	2026-09-29T13:05:07.3130973+02:00	browser_click	successful	2026-09-29T13:05:07.9817168+02:00	no	64	0
49	2026-09-29T13:05:13.6610775+02:00	browser_evaluate	successful	2026-09-29T13:05:15.2348507+02:00	no	126	0
50	2026-09-29T13:05:18.9712868+02:00	browser_navigate	successful	2026-09-29T13:05:19.8243596+02:00	no	127	0
51	2026-09-29T13:05:30.3388465+02:00	browser_click	successful	2026-09-29T13:05:31.3033094+02:00	no	118	0
52	2026-09-29T13:05:38.5573149+02:00	browser_type	successful	2026-09-29T13:05:38.5801805+02:00	no	84	0
53	2026-09-29T13:05:40.1479515+02:00	browser_evaluate	successful	2026-09-29T13:05:40.6613111+02:00	no	94	0
54	2026-09-29T13:05:43.5631503+02:00	browser_click	successful	2026-09-29T13:05:44.2788304+02:00	no	64	0
55	2026-09-29T13:05:49.8242842+02:00	browser_evaluate	successful	2026-09-29T13:05:51.0687271+02:00	no	126	0
56	2026-09-29T13:05:55.1401550+02:00	browser_navigate	successful	2026-09-29T13:05:55.9674095+02:00	no	127	0
57	2026-09-29T13:06:06.1342529+02:00	browser_click	successful	2026-09-29T13:06:07.0797139+02:00	no	147	0
58	2026-09-29T13:06:14.2235375+02:00	browser_type	successful	2026-09-29T13:06:14.2442124+02:00	no	84	0
59	2026-09-29T13:06:15.9174426+02:00	browser_evaluate	successful	2026-09-29T13:06:16.4239878+02:00	no	94	0
60	2026-09-29T13:06:19.5161352+02:00	browser_click	successful	2026-09-29T13:06:20.1761955+02:00	no	70	0
61	2026-09-29T13:06:25.8915510+02:00	browser_evaluate	successful	2026-09-29T13:06:27.1365216+02:00	no	126	0
62	2026-09-29T13:06:32.1964846+02:00	browser_navigate	successful	2026-09-29T13:06:33.0354731+02:00	no	127	0
63	2026-09-29T13:06:43.6565794+02:00	browser_click	successful	2026-09-29T13:06:44.6730358+02:00	no	128	0
64	2026-09-29T13:06:52.0536966+02:00	browser_type	successful	2026-09-29T13:06:52.0760176+02:00	no	84	0
65	2026-09-29T13:06:53.9171607+02:00	browser_evaluate	successful	2026-09-29T13:06:54.4357890+02:00	no	94	0
66	2026-09-29T13:06:57.6660569+02:00	browser_click	successful	2026-09-29T13:06:58.3921846+02:00	no	61	0
67	2026-09-29T13:07:04.0925825+02:00	browser_evaluate	successful	2026-09-29T13:07:05.3395526+02:00	no	126	0
68	2026-09-29T13:07:10.7828734+02:00	browser_navigate	successful	2026-09-29T13:07:11.7913794+02:00	no	142	0
69	2026-09-29T13:07:22.7834509+02:00	browser_click	successful	2026-09-29T13:07:23.8077763+02:00	no	143	0
70	2026-09-29T13:07:31.4924537+02:00	browser_type	successful	2026-09-29T13:07:31.5254540+02:00	no	84	0
71	2026-09-29T13:07:33.4536028+02:00	browser_evaluate	successful	2026-09-29T13:07:33.9690366+02:00	no	94	0
72	2026-09-29T13:07:36.8207308+02:00	browser_click	successful	2026-09-29T13:07:37.6155136+02:00	no	64	0
73	2026-09-29T13:07:43.3981242+02:00	browser_evaluate	successful	2026-09-29T13:07:44.7141731+02:00	no	126	0
74	2026-09-29T13:07:50.1149070+02:00	browser_navigate	successful	2026-09-29T13:07:50.9965860+02:00	no	128	0
75	2026-09-29T13:08:02.6616611+02:00	browser_click	successful	2026-09-29T13:08:03.7982625+02:00	no	129	0
76	2026-09-29T13:08:11.0540006+02:00	browser_type	successful	2026-09-29T13:08:11.0741891+02:00	no	85	0
77	2026-09-29T13:08:13.1531291+02:00	browser_evaluate	successful	2026-09-29T13:08:13.6756716+02:00	no	95	0
78	2026-09-29T13:08:18.4525148+02:00	browser_click	successful	2026-09-29T13:08:19.1816001+02:00	no	65	0
79	2026-09-29T13:08:25.3898707+02:00	browser_evaluate	successful	2026-09-29T13:08:26.6667461+02:00	no	127	0
80	2026-09-29T13:08:31.7174708+02:00	browser_navigate	successful	2026-09-29T13:08:32.6147357+02:00	no	150	0
81	2026-09-29T13:08:49.4250651+02:00	browser_evaluate	successful	2026-09-29T13:08:49.9375385+02:00	no	123	0
82	2026-09-29T13:08:57.6571172+02:00	browser_evaluate	successful	2026-09-29T13:08:58.1753165+02:00	no	108	0
83	2026-09-29T13:09:16.8262986+02:00	browser_type	successful	2026-09-29T13:09:16.8633724+02:00	no	114	0
84	2026-09-29T13:09:20.5768588+02:00	browser_evaluate	successful	2026-09-29T13:09:21.5965348+02:00	no	61	0
85	2026-09-29T13:09:24.7604535+02:00	browser_click	successful	2026-09-29T13:09:26.0652273+02:00	no	80	0
86	2026-09-29T13:09:38.8408167+02:00	browser_type	successful	2026-09-29T13:09:38.8646963+02:00	no	88	0
87	2026-09-29T13:09:41.9565649+02:00	browser_evaluate	successful	2026-09-29T13:09:42.4624480+02:00	no	100	0
88	2026-09-29T13:09:45.8858633+02:00	browser_click	successful	2026-09-29T13:09:46.5765130+02:00	no	110	0
89	2026-09-29T13:09:55.3251060+02:00	browser_network_requests	successful	2026-09-29T13:09:55.3287665+02:00	no	81	0
90	2026-09-29T13:09:58.4170136+02:00	browser_network_request	successful	2026-09-29T13:09:58.4198282+02:00	no	72	0
91	2026-09-29T13:09:59.6203974+02:00	browser_network_request	successful	2026-09-29T13:09:59.6245241+02:00	no	41	0
92	2026-09-29T13:10:00.7507093+02:00	browser_network_request	successful	2026-09-29T13:10:00.7560863+02:00	no	48	0
93	2026-09-29T13:10:08.2439423+02:00	browser_evaluate	successful	2026-09-29T13:10:09.5252234+02:00	no	127	0
94	2026-09-29T13:10:37.1030416+02:00	browser_navigate	successful	2026-09-29T13:10:38.0977922+02:00	no	150	0
95	2026-09-29T13:10:52.3357122+02:00	browser_evaluate	successful	2026-09-29T13:10:52.9593374+02:00	no	116	0
96	2026-09-29T13:11:05.2133459+02:00	browser_type	successful	2026-09-29T13:11:05.2508935+02:00	no	123	0
97	2026-09-29T13:11:06.5471989+02:00	browser_evaluate	successful	2026-09-29T13:11:07.0596465+02:00	no	71	0
98	2026-09-29T13:11:10.0804432+02:00	browser_click	successful	2026-09-29T13:11:11.3622466+02:00	no	91	0
99	2026-09-29T13:11:19.2774354+02:00	browser_type	successful	2026-09-29T13:11:19.3033025+02:00	no	88	0
100	2026-09-29T13:11:22.1365579+02:00	browser_evaluate	successful	2026-09-29T13:11:22.6494507+02:00	no	100	0
101	2026-09-29T13:11:25.7748665+02:00	browser_click	successful	2026-09-29T13:11:26.4454820+02:00	no	124	0
102	2026-09-29T13:11:31.7897520+02:00	browser_evaluate	successful	2026-09-29T13:11:33.1360459+02:00	no	73	0
103	2026-09-29T13:12:39.6989228+02:00	browser_network_requests	successful	2026-09-29T13:12:39.7038362+02:00	no	68	0
104	2026-09-29T13:12:42.3736332+02:00	browser_network_request	successful	2026-09-29T13:12:42.3769109+02:00	no	94	0
105	2026-09-29T13:12:45.7549153+02:00	browser_network_request	successful	2026-09-29T13:12:45.7582599+02:00	no	37	0
106	2026-09-29T13:12:46.2058013+02:00	browser_network_request	successful	2026-09-29T13:12:46.2091241+02:00	no	41	0
107	2026-09-29T13:13:05.3341401+02:00	browser_evaluate	successful	2026-09-29T13:13:06.5462660+02:00	no	149	0
108	2026-09-29T13:13:12.2194623+02:00	browser_navigate	successful	2026-09-29T13:13:13.2020139+02:00	no	187	0
109	2026-09-29T13:13:16.8520439+02:00	browser_network_requests	successful	2026-09-29T13:13:16.8551939+02:00	no	92	0
110	2026-09-29T13:13:25.5371432+02:00	browser_evaluate	successful	2026-09-29T13:13:26.5687476+02:00	no	122	0
111	2026-09-29T13:13:34.7166138+02:00	browser_evaluate	successful	2026-09-29T13:13:35.7454701+02:00	no	137	0
112	2026-09-29T13:16:30.2039247+02:00	browser_evaluate	successful	2026-09-29T13:16:32.4859739+02:00	no	152	0
113	2026-09-29T13:16:51.7166474+02:00	browser_evaluate	successful	2026-09-29T13:16:52.8511511+02:00	no	130	0
114	2026-09-29T13:17:03.0827977+02:00	browser_evaluate	successful	2026-09-29T13:17:04.3048826+02:00	no	117	0
115	2026-09-29T13:17:51.5923015+02:00	browser_run_code_unsafe	successful	2026-09-29T13:17:55.1369479+02:00	no	135	0
116	2026-09-29T13:18:05.9082447+02:00	browser_run_code_unsafe	successful	2026-09-29T13:18:08.0523972+02:00	no	147	0
117	2026-09-29T13:18:55.9050340+02:00	browser_evaluate	successful	2026-09-29T13:18:58.0460532+02:00	no	155	0
118	2026-09-29T13:20:29.2144745+02:00	browser_navigate	successful	2026-09-29T13:20:30.3061551+02:00	no	164	0
119	2026-09-29T13:20:34.5454057+02:00	browser_run_code_unsafe	successful	2026-09-29T13:20:36.4667547+02:00	no	152	0
120	2026-09-29T13:20:36.4748623+02:00	browser_evaluate	successful	2026-09-29T13:20:36.9869108+02:00	no	65	0
121	2026-09-29T13:22:09.1959990+02:00	browser_run_code_unsafe	successful	2026-09-29T13:22:11.0377364+02:00	no	99	0
122	2026-09-29T13:26:39.9075980+02:00	browser_run_code_unsafe	successful	2026-09-29T13:26:42.0127573+02:00	no	79	0
123	2026-09-29T13:30:36.5099586+02:00	browser_run_code_unsafe	successful	2026-09-29T13:30:38.3970998+02:00	no	79	0
124	2026-09-29T13:34:36.6430069+02:00	browser_run_code_unsafe	successful	2026-09-29T13:34:38.5120473+02:00	no	79	0
125	2026-09-29T13:38:36.6822017+02:00	browser_run_code_unsafe	successful	2026-09-29T13:38:38.5428000+02:00	no	79	0
126	2026-09-29T13:42:36.6894191+02:00	browser_run_code_unsafe	successful	2026-09-29T13:42:38.5844099+02:00	no	79	0
127	2026-09-29T13:46:37.0023491+02:00	browser_run_code_unsafe	successful	2026-09-29T13:46:38.9519810+02:00	no	79	0
128	2026-09-29T13:50:37.1499717+02:00	browser_run_code_unsafe	successful	2026-09-29T13:50:39.0607147+02:00	no	79	0
129	2026-09-29T13:53:20.3225164+02:00	browser_run_code_unsafe	successful	2026-09-29T13:53:22.2707947+02:00	no	59	0
130	2026-09-29T13:54:40.0123452+02:00	browser_run_code_unsafe	successful	2026-09-29T13:54:41.8915105+02:00	no	84	0
131	2026-09-29T13:56:40.2207033+02:00	browser_navigate	successful	2026-09-29T13:57:03.2830426+02:00	no	102	0
132	2026-09-29T13:57:13.0974451+02:00	browser_run_code_unsafe	failed	2026-09-29T13:57:28.0996065+02:00	no	108	234
133	2026-09-29T13:57:30.9929644+02:00	browser_snapshot	successful	2026-09-29T13:57:31.0541594+02:00	no	82	0
134	2026-09-29T13:57:51.8401837+02:00	browser_run_code_unsafe	successful	2026-09-29T13:57:54.4712438+02:00	no	120	0
135	2026-09-29T13:58:01.9158435+02:00	browser_evaluate	successful	2026-09-29T13:58:03.1197367+02:00	no	104	0
136	2026-09-29T13:58:13.2717677+02:00	browser_run_code_unsafe	successful	2026-09-29T13:58:18.3896765+02:00	no	164	0
137	2026-09-29T14:00:01.8251101+02:00	browser_run_code_unsafe	successful	2026-09-29T14:00:04.1762049+02:00	no	84	0
138	2026-09-29T14:01:31.8118550+02:00	browser_run_code_unsafe	successful	2026-09-29T14:01:33.6705582+02:00	no	59	0
139	2026-09-29T14:02:00.9836643+02:00	browser_run_code_unsafe	successful	2026-09-29T14:02:04.5794324+02:00	no	126	0
140	2026-09-29T14:02:52.8020340+02:00	browser_run_code_unsafe	successful	2026-09-29T14:02:54.5992205+02:00	no	90	0
141	2026-09-29T14:03:07.7147246+02:00	browser_run_code_unsafe	successful	2026-09-29T14:03:09.5163930+02:00	no	76	0
142	2026-09-29T14:04:06.4001812+02:00	browser_evaluate	successful	2026-09-29T14:04:07.5491804+02:00	no	110	0
143	2026-09-29T14:04:32.0323503+02:00	browser_run_code_unsafe	successful	2026-09-29T14:04:33.8923315+02:00	no	76	0
144	2026-09-29T14:06:02.2283853+02:00	browser_run_code_unsafe	successful	2026-09-29T14:06:04.3224952+02:00	no	76	0
145	2026-09-29T14:07:32.0647339+02:00	browser_run_code_unsafe	successful	2026-09-29T14:07:33.9461736+02:00	no	76	0
146	2026-09-29T14:09:02.3175724+02:00	browser_run_code_unsafe	successful	2026-09-29T14:09:04.2277553+02:00	no	76	0
147	2026-09-29T14:10:32.3162330+02:00	browser_run_code_unsafe	successful	2026-09-29T14:10:34.4093994+02:00	no	76	0
148	2026-09-29T14:12:02.3528621+02:00	browser_run_code_unsafe	successful	2026-09-29T14:12:04.2945755+02:00	no	76	0
149	2026-09-29T14:13:32.3291621+02:00	browser_run_code_unsafe	successful	2026-09-29T14:13:34.1870138+02:00	no	76	0
150	2026-09-29T14:15:02.4991163+02:00	browser_run_code_unsafe	successful	2026-09-29T14:15:04.3975572+02:00	no	76	0
151	2026-09-29T14:16:32.4871136+02:00	browser_run_code_unsafe	successful	2026-09-29T14:16:34.2903393+02:00	no	76	0
152	2026-09-29T14:18:02.8247055+02:00	browser_run_code_unsafe	successful	2026-09-29T14:18:05.0625260+02:00	no	66	0
153	2026-09-29T14:21:15.0925910+02:00	browser_run_code_unsafe	successful	2026-09-29T14:21:24.6212401+02:00	no	154	0
154	2026-09-29T14:21:30.3498523+02:00	browser_run_code_unsafe	successful	2026-09-29T14:21:31.6979263+02:00	no	66	0
155	2026-09-29T14:22:15.6965001+02:00	browser_run_code_unsafe	successful	2026-09-29T14:22:17.5082067+02:00	no	90	0
156	2026-09-29T14:23:04.7129658+02:00	browser_run_code_unsafe	successful	2026-09-29T14:23:09.4024347+02:00	no	117	0
157	2026-09-29T14:23:57.0529883+02:00	browser_run_code_unsafe	successful	2026-09-29T14:23:58.8748577+02:00	no	64	0
158	2026-09-29T14:25:27.0241100+02:00	browser_run_code_unsafe	successful	2026-09-29T14:25:28.9426950+02:00	no	66	0
159	2026-09-29T14:27:25.6437127+02:00	browser_run_code_unsafe	successful	2026-09-29T14:27:29.7853650+02:00	no	117	0
160	2026-09-29T14:29:38.0458766+02:00	browser_run_code_unsafe	successful	2026-09-29T14:29:39.9890671+02:00	no	94	0
161	2026-09-29T14:30:08.3112957+02:00	browser_run_code_unsafe	successful	2026-09-29T14:30:12.7996118+02:00	no	105	0
162	2026-09-29T14:33:38.0815273+02:00	browser_run_code_unsafe	successful	2026-09-29T14:33:39.9327062+02:00	no	83	0
163	2026-09-29T14:37:38.3562065+02:00	browser_run_code_unsafe	successful	2026-09-29T14:37:40.2714529+02:00	no	83	0
164	2026-09-29T14:41:38.2038640+02:00	browser_run_code_unsafe	successful	2026-09-29T14:41:40.0061949+02:00	no	83	0
165	2026-09-29T14:45:38.2150847+02:00	browser_run_code_unsafe	successful	2026-09-29T14:45:40.1408549+02:00	no	83	0
166	2026-09-29T14:49:38.7231886+02:00	browser_run_code_unsafe	successful	2026-09-29T14:49:40.6371506+02:00	no	83	0
167	2026-09-29T14:53:38.2911800+02:00	browser_run_code_unsafe	successful	2026-09-29T14:53:40.1588852+02:00	no	93	0
168	2026-09-29T14:59:43.2386995+02:00	browser_run_code_unsafe	successful	2026-09-29T14:59:45.1918287+02:00	no	93	0
169	2026-09-29T15:03:43.3085695+02:00	browser_run_code_unsafe	successful	2026-09-29T15:03:45.1851977+02:00	no	93	0
170	2026-09-29T15:07:43.1757918+02:00	browser_run_code_unsafe	successful	2026-09-29T15:07:45.1020377+02:00	no	93	0
171	2026-09-29T15:11:43.0116584+02:00	browser_run_code_unsafe	successful	2026-09-29T15:11:44.9421537+02:00	no	93	0
172	2026-09-29T15:15:43.2707875+02:00	browser_run_code_unsafe	successful	2026-09-29T15:15:45.1766884+02:00	no	93	0
173	2026-09-29T15:17:23.5470268+02:00	browser_run_code_unsafe	failed	2026-09-29T15:17:23.5498025+02:00	no	164	123
174	2026-09-29T15:17:38.4285147+02:00	browser_run_code_unsafe	successful	2026-09-29T15:19:11.3133971+02:00	no	164	0
175	2026-09-29T15:19:23.3788651+02:00	browser_run_code_unsafe	successful	2026-09-29T15:20:53.8223488+02:00	no	116	0
176	2026-09-29T15:20:59.7395495+02:00	browser_navigate	successful	2026-09-29T15:21:00.4676287+02:00	no	101	0
177	2026-09-29T15:21:03.3204742+02:00	browser_snapshot	successful	2026-09-29T15:21:03.3672099+02:00	no	103	0
178	2026-09-29T15:21:12.9819435+02:00	browser_navigate	successful	2026-09-29T15:21:13.9401093+02:00	no	108	0
179	2026-09-29T15:21:28.2010261+02:00	browser_click	successful	2026-09-29T15:21:29.0393340+02:00	no	65	0
180	2026-09-29T15:21:41.8971322+02:00	browser_click	successful	2026-09-29T15:21:43.0460381+02:00	no	95	0
181	2026-09-29T15:21:53.5563958+02:00	browser_click	successful	2026-09-29T15:21:54.7292828+02:00	no	108	0
182	2026-09-29T15:22:07.8045778+02:00	browser_run_code_unsafe	successful	2026-09-29T15:22:09.6667559+02:00	no	107	0
183	2026-09-29T15:22:16.1694433+02:00	browser_run_code_unsafe	successful	2026-09-29T15:22:18.0597234+02:00	no	111	0
184	2026-09-29T15:22:25.0451964+02:00	browser_navigate	successful	2026-09-29T15:22:25.8979905+02:00	no	122	0
185	2026-09-29T15:22:35.5770474+02:00	browser_wait_for	successful	2026-09-29T15:22:35.6394669+02:00	no	72	0
186	2026-09-29T15:23:43.8594166+02:00	browser_run_code_unsafe	successful	2026-09-29T15:23:45.7467882+02:00	no	105	0
187	2026-09-29T15:33:45.7508543+02:00	browser_close	successful	2026-09-29T15:33:46.0695462+02:00	em-dash	251	0
188	2026-09-29T16:09:06.8138556+02:00	browser_evaluate	failed	2026-09-29T16:09:07.5206522+02:00	no	115	596
189	2026-09-29T16:09:13.1740832+02:00	browser_navigate	successful	2026-09-29T16:09:14.3626678+02:00	no	133	0
190	2026-09-29T16:09:19.0653139+02:00	browser_evaluate	successful	2026-09-29T16:09:20.0938833+02:00	no	87	0
191	2026-09-29T16:09:35.2105190+02:00	browser_evaluate	successful	2026-09-29T16:09:37.7497743+02:00	no	115	0
192	2026-09-29T16:19:37.7598727+02:00	browser_close	successful	2026-09-29T16:19:38.0738435+02:00	em-dash	251	0
