0.6	CONNECT update.googleapis.com:443 HTTP/1.1
0.6	CONNECT app.browserai.invalid:443 HTTP/1.1
0.6	CONNECT app.browserai.invalid:443 HTTP/1.1
0.6	CONNECT update.googleapis.com:443 HTTP/1.1
0.6	CONNECT app.browserai.invalid:443 HTTP/1.1
0.6	CONNECT update.googleapis.com:443 HTTP/1.1
0.6	CONNECT accounts.google.com:443 HTTP/1.1
1.6	CONNECT accounts.google.com:443 HTTP/1.1
2.3	CONNECT clients2.google.com:443 HTTP/1.1
3.2	CONNECT android.clients.google.com:443 HTTP/1.1
4.4	CONNECT accounts.google.com:443 HTTP/1.1
6.3	CONNECT clients2.google.com:443 HTTP/1.1
12.1	CONNECT accounts.google.com:443 HTTP/1.1
13.5	CONNECT clients2.google.com:443 HTTP/1.1
26.7	CONNECT android.clients.google.com:443 HTTP/1.1
29.3	CONNECT clients2.google.com:443 HTTP/1.1
33.8	CONNECT accounts.google.com:443 HTTP/1.1
60.5	CONNECT update.googleapis.com:443 HTTP/1.1
60.5	POST http://update.googleapis.com/service/update2/json?cup2key=ML-DSA-44-16:r7uECULgYG1_hrAm6yi80HiU8wLN_cCSmAyWHZ_hYQM&cup2hreq=e4ecad449cc2b6286be6e9f47025fea1ac6248dd890639fa3220111c562f36a2 HTTP/1.1
60.8	CONNECT clients2.google.com:443 HTTP/1.1
74.1	CONNECT android.clients.google.com:443 HTTP/1.1
102.0	CONNECT accounts.google.com:443 HTTP/1.1
119.8	CONNECT clients2.google.com:443 HTTP/1.1
176.3	CONNECT android.clients.google.com:443 HTTP/1.1
213.5	CONNECT safebrowsing.googleapis.com:443 HTTP/1.1
235.4	CONNECT clients2.google.com:443 HTTP/1.1
322.2	CONNECT accounts.google.com:443 HTTP/1.1
401.3	CONNECT android.clients.google.com:443 HTTP/1.1
484.1	CONNECT clients2.google.com:443 HTTP/1.1
