2026-10-04T01:44:25.093Z,--coordinate,0,82
2026-10-04T01:44:25.494Z,--start-host,0,90
2026-10-04T01:44:26.736Z,--coordinate,0,68
2026-10-04T01:44:27.102Z,--start-host,0,64
2026-10-04T01:44:28.303Z,--coordinate,0,64
2026-10-04T01:44:28.674Z,--start-host,0,69
2026-10-04T01:44:29.879Z,--coordinate,0,80
2026-10-04T01:44:30.239Z,--start-host,0,59
2026-10-04T01:44:31.469Z,--coordinate,0,62
2026-10-04T01:44:31.833Z,--start-host,0,63
2026-10-04T01:44:33.141Z,--coordinate,0,78
2026-10-04T01:44:33.523Z,--start-host,0,73
2026-10-04T01:44:34.709Z,--coordinate,0,63
2026-10-04T01:44:35.067Z,--start-host,0,57
2026-10-04T01:44:36.247Z,--coordinate,0,62
2026-10-04T01:44:36.617Z,--start-host,0,69
2026-10-04T01:44:37.806Z,--coordinate,0,62
2026-10-04T01:44:38.169Z,--start-host,0,62
2026-10-04T01:44:39.344Z,--coordinate,0,64
2026-10-04T01:44:39.712Z,--start-host,0,65
2026-10-04T01:44:40.897Z,--coordinate,0,63
2026-10-04T01:44:41.265Z,--start-host,0,67
2026-10-04T01:44:42.473Z,--coordinate,0,64
2026-10-04T01:44:42.837Z,--start-host,0,62
2026-10-04T01:44:44.017Z,--coordinate,0,66
2026-10-04T01:44:44.387Z,--start-host,0,67
2026-10-04T01:44:45.570Z,--coordinate,0,62
2026-10-04T01:44:45.935Z,--start-host,0,64
2026-10-04T01:44:47.119Z,--coordinate,0,61
2026-10-04T01:44:47.485Z,--start-host,0,65
2026-10-04T01:44:48.686Z,--coordinate,0,67
2026-10-04T01:44:49.077Z,--start-host,0,89
2026-10-04T01:44:50.282Z,--coordinate,0,64
2026-10-04T01:44:50.654Z,--start-host,0,71
2026-10-04T01:44:51.839Z,--coordinate,0,62
2026-10-04T01:44:52.203Z,--start-host,0,63
2026-10-04T01:44:53.386Z,--coordinate,0,66
2026-10-04T01:44:53.751Z,--start-host,0,64
2026-10-04T01:44:54.916Z,--coordinate,0,60
2026-10-04T01:44:55.276Z,--start-host,0,59
2026-10-04T01:44:56.465Z,--coordinate,0,63
2026-10-04T01:44:56.836Z,--start-host,0,65
2026-10-04T01:44:58.019Z,--coordinate,0,61
2026-10-04T01:44:58.388Z,--start-host,0,68
2026-10-04T01:44:59.584Z,--coordinate,0,58
2026-10-04T01:44:59.941Z,--start-host,0,56
2026-10-04T01:45:01.158Z,--coordinate,0,80
2026-10-04T01:45:01.523Z,--start-host,0,63
2026-10-04T01:45:02.700Z,--coordinate,0,59
2026-10-04T01:45:03.062Z,--start-host,0,61
2026-10-04T01:45:04.239Z,--coordinate,0,60
2026-10-04T01:45:04.606Z,--start-host,0,59
2026-10-04T01:45:05.810Z,--coordinate,0,64
2026-10-04T01:45:06.175Z,--start-host,0,64
2026-10-04T01:45:07.408Z,--coordinate,0,67
2026-10-04T01:45:07.770Z,--start-host,0,62
2026-10-04T01:45:08.982Z,--coordinate,0,65
2026-10-04T01:45:09.350Z,--start-host,0,67
2026-10-04T01:45:10.560Z,--coordinate,0,67
2026-10-04T01:45:10.927Z,--start-host,0,65
