round	via	seeded	goUtc	seedPid	requests	results	distinctGuids	enginePids	started	startedTags	startedPids	firstStartMsAfterGo	lastStartMsAfterGo	instancesAt8s	stateAt8s	instancesAfterQuit	requestSpreadMs	callMsMinMedMax	quit
1	schtasks	False	2026-10-08T14:17:23.3256720Z	-	20	19x exit=0 out=[INFO: scheduled task "BrowserAI-measure-20261008T1411-m1-schtasks-none" is currently running. | SUCCESS: Attempted to run the scheduled task "BrowserAI-measure-20261008T1411-m1-schtasks-none". |] err=[]; 1x exit=0 out=[SUCCESS: Attempted to run the scheduled task "BrowserAI-measure-20261008T1411-m1-schtasks-none". |] err=[]	-	-	1	$(Arg0)	63768	78.0	78.0	1	4	0	0.3	46.7/84.5/99.1	all exited
2	schtasks	False	2026-10-08T14:17:34.1428407Z	-	20	19x exit=0 out=[INFO: scheduled task "BrowserAI-measure-20261008T1411-m1-schtasks-none" is currently running. | SUCCESS: Attempted to run the scheduled task "BrowserAI-measure-20261008T1411-m1-schtasks-none". |] err=[]; 1x exit=0 out=[SUCCESS: Attempted to run the scheduled task "BrowserAI-measure-20261008T1411-m1-schtasks-none". |] err=[]	-	-	1	$(Arg0)	88436	106.6	106.6	1	4	0	0.1	69.0/100.1/119.3	all exited
3	schtasks	False	2026-10-08T14:17:44.9609606Z	-	20	18x exit=0 out=[INFO: scheduled task "BrowserAI-measure-20261008T1411-m1-schtasks-none" is currently running. | SUCCESS: Attempted to run the scheduled task "BrowserAI-measure-20261008T1411-m1-schtasks-none". |] err=[]; 2x exit=0 out=[SUCCESS: Attempted to run the scheduled task "BrowserAI-measure-20261008T1411-m1-schtasks-none". |] err=[]	-	-	1	$(Arg0)	81492	104.3	104.3	1	4	0	0.1	69.0/104.3/115.2	all exited
4	schtasks	False	2026-10-08T14:17:55.7323275Z	-	20	19x exit=0 out=[INFO: scheduled task "BrowserAI-measure-20261008T1411-m1-schtasks-none" is currently running. | SUCCESS: Attempted to run the scheduled task "BrowserAI-measure-20261008T1411-m1-schtasks-none". |] err=[]; 1x exit=0 out=[SUCCESS: Attempted to run the scheduled task "BrowserAI-measure-20261008T1411-m1-schtasks-none". |] err=[]	-	-	1	$(Arg0)	85312	115.8	115.8	1	4	0	0.1	76.8/101.6/121.7	all exited
5	schtasks	False	2026-10-08T14:18:06.5124353Z	-	20	19x exit=0 out=[INFO: scheduled task "BrowserAI-measure-20261008T1411-m1-schtasks-none" is currently running. | SUCCESS: Attempted to run the scheduled task "BrowserAI-measure-20261008T1411-m1-schtasks-none". |] err=[]; 1x exit=0 out=[SUCCESS: Attempted to run the scheduled task "BrowserAI-measure-20261008T1411-m1-schtasks-none". |] err=[]	-	-	1	$(Arg0)	104216	78.6	78.6	1	4	0	0.1	46.7/101.9/113.5	all exited
6	schtasks	False	2026-10-08T14:18:17.2758941Z	-	20	19x exit=0 out=[INFO: scheduled task "BrowserAI-measure-20261008T1411-m1-schtasks-none" is currently running. | SUCCESS: Attempted to run the scheduled task "BrowserAI-measure-20261008T1411-m1-schtasks-none". |] err=[]; 1x exit=0 out=[SUCCESS: Attempted to run the scheduled task "BrowserAI-measure-20261008T1411-m1-schtasks-none". |] err=[]	-	-	1	$(Arg0)	4592	93.8	93.8	1	4	0	0.1	53.8/78.8/102.1	all exited
7	schtasks	False	2026-10-08T14:18:28.0598494Z	-	20	19x exit=0 out=[INFO: scheduled task "BrowserAI-measure-20261008T1411-m1-schtasks-none" is currently running. | SUCCESS: Attempted to run the scheduled task "BrowserAI-measure-20261008T1411-m1-schtasks-none". |] err=[]; 1x exit=0 out=[SUCCESS: Attempted to run the scheduled task "BrowserAI-measure-20261008T1411-m1-schtasks-none". |] err=[]	-	-	1	$(Arg0)	86080	110.6	110.6	1	4	0	0.1	75.2/102.9/117.3	all exited
8	schtasks	False	2026-10-08T14:18:38.8280554Z	-	20	15x exit=0 out=[INFO: scheduled task "BrowserAI-measure-20261008T1411-m1-schtasks-none" is currently running. | SUCCESS: Attempted to run the scheduled task "BrowserAI-measure-20261008T1411-m1-schtasks-none". |] err=[]; 5x exit=0 out=[SUCCESS: Attempted to run the scheduled task "BrowserAI-measure-20261008T1411-m1-schtasks-none". |] err=[]	-	-	1	$(Arg0)	49504	121.0	121.0	1	4	0	0.1	95.9/132.7/133.5	all exited
9	schtasks	False	2026-10-08T14:18:49.5920100Z	-	20	19x exit=0 out=[INFO: scheduled task "BrowserAI-measure-20261008T1411-m1-schtasks-none" is currently running. | SUCCESS: Attempted to run the scheduled task "BrowserAI-measure-20261008T1411-m1-schtasks-none". |] err=[]; 1x exit=0 out=[SUCCESS: Attempted to run the scheduled task "BrowserAI-measure-20261008T1411-m1-schtasks-none". |] err=[]	-	-	1	$(Arg0)	59004	124.5	124.5	1	4	0	0.1	28.2/128.9/141.4	all exited
10	schtasks	False	2026-10-08T14:19:00.3626636Z	-	20	17x exit=0 out=[INFO: scheduled task "BrowserAI-measure-20261008T1411-m1-schtasks-none" is currently running. | SUCCESS: Attempted to run the scheduled task "BrowserAI-measure-20261008T1411-m1-schtasks-none". |] err=[]; 3x exit=0 out=[SUCCESS: Attempted to run the scheduled task "BrowserAI-measure-20261008T1411-m1-schtasks-none". |] err=[]	-	-	1	$(Arg0)	93272	79.4	79.4	1	4	0	0.1	53.2/72.5/83.1	all exited
