"FullName","Length","LastWriteTime"
"C:\Users\jori\AppData\Local\BrowserAI-rc\browsers",,"6-9-2026 17:10:04"
"C:\Users\jori\AppData\Local\BrowserAI-rc\current",,"6-9-2026 17:08:16"
"C:\Users\jori\AppData\Local\BrowserAI-rc\index",,"12-9-2026 14:02:55"
"C:\Users\jori\AppData\Local\BrowserAI-rc\instances",,"15-9-2026 16:29:34"
"C:\Users\jori\AppData\Local\BrowserAI-rc\live",,"15-9-2026 16:31:35"
"C:\Users\jori\AppData\Local\BrowserAI-rc\logs",,"15-9-2026 06:57:16"
"C:\Users\jori\AppData\Local\BrowserAI-rc\packages",,"6-9-2026 17:08:16"
"C:\Users\jori\AppData\Local\BrowserAI-rc\BrowserAI.exe","393216","6-9-2026 17:08:16"
"C:\Users\jori\AppData\Local\BrowserAI-rc\mcp-registration.json","601","6-9-2026 17:08:18"
"C:\Users\jori\AppData\Local\BrowserAI-rc\Update.exe","3866112","6-9-2026 17:08:16"
"C:\Users\jori\AppData\Local\BrowserAI-rc\browsers\.downloads",,"6-9-2026 17:09:52"
"C:\Users\jori\AppData\Local\BrowserAI-rc\browsers\.links",,"6-9-2026 17:09:53"
"C:\Users\jori\AppData\Local\BrowserAI-rc\browsers\chromium-1237",,"6-9-2026 17:10:04"
"C:\Users\jori\AppData\Local\BrowserAI-rc\browsers\ffmpeg-1011",,"6-9-2026 17:10:04"
"C:\Users\jori\AppData\Local\BrowserAI-rc\browsers\winldd-1007",,"6-9-2026 17:10:04"
"C:\Users\jori\AppData\Local\BrowserAI-rc\browsers\reinstall.lock","0","6-9-2026 17:08:49"
"C:\Users\jori\AppData\Local\BrowserAI-rc\browsers\.downloads\chromium",,"6-9-2026 17:10:04"
"C:\Users\jori\AppData\Local\BrowserAI-rc\browsers\.links\ca191f30bd1a3eaf93470c4312b212323e743b41","89","6-9-2026 17:09:53"
"C:\Users\jori\AppData\Local\BrowserAI-rc\browsers\chromium-1237\chrome-win64",,"6-9-2026 17:10:03"
"C:\Users\jori\AppData\Local\BrowserAI-rc\browsers\chromium-1237\DEPENDENCIES_VALIDATED","0","6-9-2026 17:10:04"
"C:\Users\jori\AppData\Local\BrowserAI-rc\browsers\chromium-1237\INSTALLATION_COMPLETE","0","6-9-2026 17:10:03"
"C:\Users\jori\AppData\Local\BrowserAI-rc\browsers\chromium-1237\chrome-win64\hyphen-data",,"6-9-2026 17:10:03"
"C:\Users\jori\AppData\Local\BrowserAI-rc\browsers\chromium-1237\chrome-win64\IwaKeyDistribution",,"6-9-2026 17:09:59"
"C:\Users\jori\AppData\Local\BrowserAI-rc\browsers\chromium-1237\chrome-win64\locales",,"6-9-2026 17:10:02"
"C:\Users\jori\AppData\Local\BrowserAI-rc\browsers\chromium-1237\chrome-win64\MEIPreload",,"6-9-2026 17:09:59"
"C:\Users\jori\AppData\Local\BrowserAI-rc\browsers\chromium-1237\chrome-win64\PrivacySandboxAttestationsPreloaded",,"6-9-2026 17:09:59"
"C:\Users\jori\AppData\Local\BrowserAI-rc\browsers\chromium-1237\chrome-win64\resources",,"6-9-2026 17:10:03"
"C:\Users\jori\AppData\Local\BrowserAI-rc\browsers\chromium-1237\chrome-win64\152.0.7977.8.manifest","224","6-9-2026 17:09:59"
"C:\Users\jori\AppData\Local\BrowserAI-rc\browsers\chromium-1237\chrome-win64\ABOUT","257","6-9-2026 17:09:59"
"C:\Users\jori\AppData\Local\BrowserAI-rc\browsers\chromium-1237\chrome-win64\chrome_100_percent.pak","734983","6-9-2026 17:10:01"
"C:\Users\jori\AppData\Local\BrowserAI-rc\browsers\chromium-1237\chrome-win64\chrome_200_percent.pak","1283886","6-9-2026 17:10:01"
"C:\Users\jori\AppData\Local\BrowserAI-rc\browsers\chromium-1237\chrome-win64\chrome_elf.dll","2689536","6-9-2026 17:10:01"
"C:\Users\jori\AppData\Local\BrowserAI-rc\browsers\chromium-1237\chrome-win64\chrome_proxy.exe","2515456","6-9-2026 17:10:01"
"C:\Users\jori\AppData\Local\BrowserAI-rc\browsers\chromium-1237\chrome-win64\chrome_pwa_launcher.exe","3150336","6-9-2026 17:10:01"
"C:\Users\jori\AppData\Local\BrowserAI-rc\browsers\chromium-1237\chrome-win64\chrome_wer.dll","107520","6-9-2026 17:10:01"
"C:\Users\jori\AppData\Local\BrowserAI-rc\browsers\chromium-1237\chrome-win64\chrome.dll","297097728","6-9-2026 17:10:01"
"C:\Users\jori\AppData\Local\BrowserAI-rc\browsers\chromium-1237\chrome-win64\chrome.exe","4399616","6-9-2026 17:10:01"
"C:\Users\jori\AppData\Local\BrowserAI-rc\browsers\chromium-1237\chrome-win64\D3DCompiler_47.dll","4741488","6-9-2026 17:09:59"
"C:\Users\jori\AppData\Local\BrowserAI-rc\browsers\chromium-1237\chrome-win64\dxcompiler.dll","25755136","6-9-2026 17:10:01"
"C:\Users\jori\AppData\Local\BrowserAI-rc\browsers\chromium-1237\chrome-win64\dxil.dll","1509760","6-9-2026 17:10:02"
"C:\Users\jori\AppData\Local\BrowserAI-rc\browsers\chromium-1237\chrome-win64\elevated_tracing_service.exe","4417024","6-9-2026 17:10:02"
"C:\Users\jori\AppData\Local\BrowserAI-rc\browsers\chromium-1237\chrome-win64\elevation_service.exe","3771392","6-9-2026 17:10:02"
"C:\Users\jori\AppData\Local\BrowserAI-rc\browsers\chromium-1237\chrome-win64\First Run","8","6-9-2026 17:09:59"
"C:\Users\jori\AppData\Local\BrowserAI-rc\browsers\chromium-1237\chrome-win64\icudtl.dat","10876560","6-9-2026 17:10:02"
"C:\Users\jori\AppData\Local\BrowserAI-rc\browsers\chromium-1237\chrome-win64\libEGL.dll","458240","6-9-2026 17:10:02"
"C:\Users\jori\AppData\Local\BrowserAI-rc\browsers\chromium-1237\chrome-win64\libGLESv2.dll","458240","6-9-2026 17:10:02"
"C:\Users\jori\AppData\Local\BrowserAI-rc\browsers\chromium-1237\chrome-win64\notification_helper.exe","2738688","6-9-2026 17:10:02"
"C:\Users\jori\AppData\Local\BrowserAI-rc\browsers\chromium-1237\chrome-win64\resources.pak","21566546","6-9-2026 17:10:03"
"C:\Users\jori\AppData\Local\BrowserAI-rc\browsers\chromium-1237\chrome-win64\setup.exe","6116352","6-9-2026 17:10:03"
"C:\Users\jori\AppData\Local\BrowserAI-rc\browsers\chromium-1237\chrome-win64\v8_context_snapshot.bin","742408","6-9-2026 17:10:03"
"C:\Users\jori\AppData\Local\BrowserAI-rc\browsers\chromium-1237\chrome-win64\vk_swiftshader_icd.json","106","6-9-2026 17:10:03"
"C:\Users\jori\AppData\Local\BrowserAI-rc\browsers\chromium-1237\chrome-win64\vk_swiftshader.dll","5436416","6-9-2026 17:10:03"
"C:\Users\jori\AppData\Local\BrowserAI-rc\browsers\chromium-1237\chrome-win64\vulkan-1.dll","967680","6-9-2026 17:10:03"
"C:\Users\jori\AppData\Local\BrowserAI-rc\browsers\chromium-1237\chrome-win64\hyphen-data\hyph-af.hyb","72640","6-9-2026 17:10:03"
"C:\Users\jori\AppData\Local\BrowserAI-rc\browsers\chromium-1237\chrome-win64\hyphen-data\hyph-as.hyb","703","6-9-2026 17:10:03"
"C:\Users\jori\AppData\Local\BrowserAI-rc\browsers\chromium-1237\chrome-win64\hyphen-data\hyph-be.hyb","6098","6-9-2026 17:10:03"
"C:\Users\jori\AppData\Local\BrowserAI-rc\browsers\chromium-1237\chrome-win64\hyphen-data\hyph-bg.hyb","3467","6-9-2026 17:10:03"
"C:\Users\jori\AppData\Local\BrowserAI-rc\browsers\chromium-1237\chrome-win64\hyphen-data\hyph-bn.hyb","703","6-9-2026 17:10:03"
"C:\Users\jori\AppData\Local\BrowserAI-rc\browsers\chromium-1237\chrome-win64\hyphen-data\hyph-cs.hyb","64245","6-9-2026 17:10:03"
"C:\Users\jori\AppData\Local\BrowserAI-rc\browsers\chromium-1237\chrome-win64\hyphen-data\hyph-cu.hyb","52842","6-9-2026 17:10:03"
"C:\Users\jori\AppData\Local\BrowserAI-rc\browsers\chromium-1237\chrome-win64\hyphen-data\hyph-cy.hyb","35913","6-9-2026 17:10:03"
"C:\Users\jori\AppData\Local\BrowserAI-rc\browsers\chromium-1237\chrome-win64\hyphen-data\hyph-da.hyb","6967","6-9-2026 17:10:03"
"C:\Users\jori\AppData\Local\BrowserAI-rc\browsers\chromium-1237\chrome-win64\hyphen-data\hyph-de-1901.hyb","121393","6-9-2026 17:10:03"
"C:\Users\jori\AppData\Local\BrowserAI-rc\browsers\chromium-1237\chrome-win64\hyphen-data\hyph-de-1996.hyb","120412","6-9-2026 17:10:03"
"C:\Users\jori\AppData\Local\BrowserAI-rc\browsers\chromium-1237\chrome-win64\hyphen-data\hyph-de-ch-1901.hyb","120218","6-9-2026 17:10:03"
"C:\Users\jori\AppData\Local\BrowserAI-rc\browsers\chromium-1237\chrome-win64\hyphen-data\hyph-el.hyb","4219","6-9-2026 17:10:03"
"C:\Users\jori\AppData\Local\BrowserAI-rc\browsers\chromium-1237\chrome-win64\hyphen-data\hyph-en-gb.hyb","46607","6-9-2026 17:10:03"
"C:\Users\jori\AppData\Local\BrowserAI-rc\browsers\chromium-1237\chrome-win64\hyphen-data\hyph-en-us.hyb","59802","6-9-2026 17:10:03"
"C:\Users\jori\AppData\Local\BrowserAI-rc\browsers\chromium-1237\chrome-win64\hyphen-data\hyph-es.hyb","14995","6-9-2026 17:10:03"
"C:\Users\jori\AppData\Local\BrowserAI-rc\browsers\chromium-1237\chrome-win64\hyphen-data\hyph-et.hyb","21421","6-9-2026 17:10:03"
"C:\Users\jori\AppData\Local\BrowserAI-rc\browsers\chromium-1237\chrome-win64\hyphen-data\hyph-eu.hyb","665","6-9-2026 17:10:03"
"C:\Users\jori\AppData\Local\BrowserAI-rc\browsers\chromium-1237\chrome-win64\hyphen-data\hyph-fr.hyb","8165","6-9-2026 17:10:03"
"C:\Users\jori\AppData\Local\BrowserAI-rc\browsers\chromium-1237\chrome-win64\hyphen-data\hyph-ga.hyb","35824","6-9-2026 17:10:03"
"C:\Users\jori\AppData\Local\BrowserAI-rc\browsers\chromium-1237\chrome-win64\hyphen-data\hyph-gl.hyb","9289","6-9-2026 17:10:03"
"C:\Users\jori\AppData\Local\BrowserAI-rc\browsers\chromium-1237\chrome-win64\hyphen-data\hyph-gu.hyb","655","6-9-2026 17:10:03"
"C:\Users\jori\AppData\Local\BrowserAI-rc\browsers\chromium-1237\chrome-win64\hyphen-data\hyph-hi.hyb","687","6-9-2026 17:10:03"
"C:\Users\jori\AppData\Local\BrowserAI-rc\browsers\chromium-1237\chrome-win64\hyphen-data\hyph-hr.hyb","3031","6-9-2026 17:10:03"
"C:\Users\jori\AppData\Local\BrowserAI-rc\browsers\chromium-1237\chrome-win64\hyphen-data\hyph-hu.hyb","317251","6-9-2026 17:10:03"
"C:\Users\jori\AppData\Local\BrowserAI-rc\browsers\chromium-1237\chrome-win64\hyphen-data\hyph-hy.hyb","605","6-9-2026 17:10:03"
"C:\Users\jori\AppData\Local\BrowserAI-rc\browsers\chromium-1237\chrome-win64\hyphen-data\hyph-it.hyb","2512","6-9-2026 17:10:03"
"C:\Users\jori\AppData\Local\BrowserAI-rc\browsers\chromium-1237\chrome-win64\hyphen-data\hyph-ka.hyb","9996","6-9-2026 17:10:03"
"C:\Users\jori\AppData\Local\BrowserAI-rc\browsers\chromium-1237\chrome-win64\hyphen-data\hyph-kn.hyb","711","6-9-2026 17:10:03"
"C:\Users\jori\AppData\Local\BrowserAI-rc\browsers\chromium-1237\chrome-win64\hyphen-data\hyph-la.hyb","1839","6-9-2026 17:10:03"
"C:\Users\jori\AppData\Local\BrowserAI-rc\browsers\chromium-1237\chrome-win64\hyphen-data\hyph-lt.hyb","7774","6-9-2026 17:10:03"
"C:\Users\jori\AppData\Local\BrowserAI-rc\browsers\chromium-1237\chrome-win64\hyphen-data\hyph-lv.hyb","38602","6-9-2026 17:10:03"
"C:\Users\jori\AppData\Local\BrowserAI-rc\browsers\chromium-1237\chrome-win64\hyphen-data\hyph-ml.hyb","776","6-9-2026 17:10:03"
"C:\Users\jori\AppData\Local\BrowserAI-rc\browsers\chromium-1237\chrome-win64\hyphen-data\hyph-mn-cyrl.hyb","5142","6-9-2026 17:10:03"
"C:\Users\jori\AppData\Local\BrowserAI-rc\browsers\chromium-1237\chrome-win64\hyphen-data\hyph-mr.hyb","687","6-9-2026 17:10:03"
"C:\Users\jori\AppData\Local\BrowserAI-rc\browsers\chromium-1237\chrome-win64\hyphen-data\hyph-mul-ethi.hyb","3740","6-9-2026 17:10:03"
"C:\Users\jori\AppData\Local\BrowserAI-rc\browsers\chromium-1237\chrome-win64\hyphen-data\hyph-nb.hyb","145263","6-9-2026 17:10:03"
"C:\Users\jori\AppData\Local\BrowserAI-rc\browsers\chromium-1237\chrome-win64\hyphen-data\hyph-nl.hyb","77080","6-9-2026 17:10:03"
"C:\Users\jori\AppData\Local\BrowserAI-rc\browsers\chromium-1237\chrome-win64\hyphen-data\hyph-nn.hyb","145263","6-9-2026 17:10:03"
"C:\Users\jori\AppData\Local\BrowserAI-rc\browsers\chromium-1237\chrome-win64\hyphen-data\hyph-or.hyb","647","6-9-2026 17:10:03"
"C:\Users\jori\AppData\Local\BrowserAI-rc\browsers\chromium-1237\chrome-win64\hyphen-data\hyph-pa.hyb","607","6-9-2026 17:10:03"
"C:\Users\jori\AppData\Local\BrowserAI-rc\browsers\chromium-1237\chrome-win64\hyphen-data\hyph-pt.hyb","1414","6-9-2026 17:10:03"
"C:\Users\jori\AppData\Local\BrowserAI-rc\browsers\chromium-1237\chrome-win64\hyphen-data\hyph-ru.hyb","19886","6-9-2026 17:10:03"
"C:\Users\jori\AppData\Local\BrowserAI-rc\browsers\chromium-1237\chrome-win64\hyphen-data\hyph-sk.hyb","64103","6-9-2026 17:10:03"
"C:\Users\jori\AppData\Local\BrowserAI-rc\browsers\chromium-1237\chrome-win64\hyphen-data\hyph-sl.hyb","6631","6-9-2026 17:10:03"
"C:\Users\jori\AppData\Local\BrowserAI-rc\browsers\chromium-1237\chrome-win64\hyphen-data\hyph-sq.hyb","2013","6-9-2026 17:10:03"
"C:\Users\jori\AppData\Local\BrowserAI-rc\browsers\chromium-1237\chrome-win64\hyphen-data\hyph-sv.hyb","72119","6-9-2026 17:10:03"
"C:\Users\jori\AppData\Local\BrowserAI-rc\browsers\chromium-1237\chrome-win64\hyphen-data\hyph-ta.hyb","554","6-9-2026 17:10:03"
"C:\Users\jori\AppData\Local\BrowserAI-rc\browsers\chromium-1237\chrome-win64\hyphen-data\hyph-te.hyb","703","6-9-2026 17:10:03"
"C:\Users\jori\AppData\Local\BrowserAI-rc\browsers\chromium-1237\chrome-win64\hyphen-data\hyph-tk.hyb","2712","6-9-2026 17:10:03"
"C:\Users\jori\AppData\Local\BrowserAI-rc\browsers\chromium-1237\chrome-win64\hyphen-data\hyph-uk.hyb","19417","6-9-2026 17:10:03"
"C:\Users\jori\AppData\Local\BrowserAI-rc\browsers\chromium-1237\chrome-win64\hyphen-data\hyph-und-ethi.hyb","3484","6-9-2026 17:10:03"
"C:\Users\jori\AppData\Local\BrowserAI-rc\browsers\chromium-1237\chrome-win64\hyphen-data\manifest.json","77","6-9-2026 17:10:03"
"C:\Users\jori\AppData\Local\BrowserAI-rc\browsers\chromium-1237\chrome-win64\IwaKeyDistribution\iwa-key-distribution.pb","3457","6-9-2026 17:09:59"
"C:\Users\jori\AppData\Local\BrowserAI-rc\browsers\chromium-1237\chrome-win64\IwaKeyDistribution\manifest.json","114","6-9-2026 17:09:59"
"C:\Users\jori\AppData\Local\BrowserAI-rc\browsers\chromium-1237\chrome-win64\locales\af_FEMININE.pak","18","6-9-2026 17:10:02"
"C:\Users\jori\AppData\Local\BrowserAI-rc\browsers\chromium-1237\chrome-win64\locales\af_MASCULINE.pak","18","6-9-2026 17:10:02"
"C:\Users\jori\AppData\Local\BrowserAI-rc\browsers\chromium-1237\chrome-win64\locales\af_NEUTER.pak","18","6-9-2026 17:10:02"
"C:\Users\jori\AppData\Local\BrowserAI-rc\browsers\chromium-1237\chrome-win64\locales\af.pak","558748","6-9-2026 17:10:02"
"C:\Users\jori\AppData\Local\BrowserAI-rc\browsers\chromium-1237\chrome-win64\locales\am_FEMININE.pak","18","6-9-2026 17:10:02"
"C:\Users\jori\AppData\Local\BrowserAI-rc\browsers\chromium-1237\chrome-win64\locales\am_MASCULINE.pak","18","6-9-2026 17:10:02"
"C:\Users\jori\AppData\Local\BrowserAI-rc\browsers\chromium-1237\chrome-win64\locales\am_NEUTER.pak","18","6-9-2026 17:10:02"
"C:\Users\jori\AppData\Local\BrowserAI-rc\browsers\chromium-1237\chrome-win64\locales\am.pak","898839","6-9-2026 17:10:02"
"C:\Users\jori\AppData\Local\BrowserAI-rc\browsers\chromium-1237\chrome-win64\locales\ar_FEMININE.pak","18","6-9-2026 17:10:02"
"C:\Users\jori\AppData\Local\BrowserAI-rc\browsers\chromium-1237\chrome-win64\locales\ar_MASCULINE.pak","18","6-9-2026 17:10:02"
"C:\Users\jori\AppData\Local\BrowserAI-rc\browsers\chromium-1237\chrome-win64\locales\ar_NEUTER.pak","18","6-9-2026 17:10:02"
"C:\Users\jori\AppData\Local\BrowserAI-rc\browsers\chromium-1237\chrome-win64\locales\ar.pak","996211","6-9-2026 17:10:02"
"C:\Users\jori\AppData\Local\BrowserAI-rc\browsers\chromium-1237\chrome-win64\locales\bg_FEMININE.pak","18","6-9-2026 17:10:02"
"C:\Users\jori\AppData\Local\BrowserAI-rc\browsers\chromium-1237\chrome-win64\locales\bg_MASCULINE.pak","18","6-9-2026 17:10:02"
"C:\Users\jori\AppData\Local\BrowserAI-rc\browsers\chromium-1237\chrome-win64\locales\bg_NEUTER.pak","18","6-9-2026 17:10:02"
"C:\Users\jori\AppData\Local\BrowserAI-rc\browsers\chromium-1237\chrome-win64\locales\bg.pak","1030454","6-9-2026 17:10:02"
"C:\Users\jori\AppData\Local\BrowserAI-rc\browsers\chromium-1237\chrome-win64\locales\bn_FEMININE.pak","18","6-9-2026 17:10:02"
"C:\Users\jori\AppData\Local\BrowserAI-rc\browsers\chromium-1237\chrome-win64\locales\bn_MASCULINE.pak","18","6-9-2026 17:10:02"
"C:\Users\jori\AppData\Local\BrowserAI-rc\browsers\chromium-1237\chrome-win64\locales\bn_NEUTER.pak","18","6-9-2026 17:10:02"
"C:\Users\jori\AppData\Local\BrowserAI-rc\browsers\chromium-1237\chrome-win64\locales\bn.pak","1308355","6-9-2026 17:10:02"
"C:\Users\jori\AppData\Local\BrowserAI-rc\browsers\chromium-1237\chrome-win64\locales\ca_FEMININE.pak","18","6-9-2026 17:10:02"
"C:\Users\jori\AppData\Local\BrowserAI-rc\browsers\chromium-1237\chrome-win64\locales\ca_MASCULINE.pak","18","6-9-2026 17:10:02"
"C:\Users\jori\AppData\Local\BrowserAI-rc\browsers\chromium-1237\chrome-win64\locales\ca_NEUTER.pak","18","6-9-2026 17:10:02"
"C:\Users\jori\AppData\Local\BrowserAI-rc\browsers\chromium-1237\chrome-win64\locales\ca.pak","635393","6-9-2026 17:10:02"
"C:\Users\jori\AppData\Local\BrowserAI-rc\browsers\chromium-1237\chrome-win64\locales\cs_FEMININE.pak","18","6-9-2026 17:10:02"
"C:\Users\jori\AppData\Local\BrowserAI-rc\browsers\chromium-1237\chrome-win64\locales\cs_MASCULINE.pak","18","6-9-2026 17:10:02"
"C:\Users\jori\AppData\Local\BrowserAI-rc\browsers\chromium-1237\chrome-win64\locales\cs_NEUTER.pak","18","6-9-2026 17:10:02"
"C:\Users\jori\AppData\Local\BrowserAI-rc\browsers\chromium-1237\chrome-win64\locales\cs.pak","651035","6-9-2026 17:10:02"
"C:\Users\jori\AppData\Local\BrowserAI-rc\browsers\chromium-1237\chrome-win64\locales\da_FEMININE.pak","18","6-9-2026 17:10:02"
"C:\Users\jori\AppData\Local\BrowserAI-rc\browsers\chromium-1237\chrome-win64\locales\da_MASCULINE.pak","18","6-9-2026 17:10:02"
"C:\Users\jori\AppData\Local\BrowserAI-rc\browsers\chromium-1237\chrome-win64\locales\da_NEUTER.pak","18","6-9-2026 17:10:02"
"C:\Users\jori\AppData\Local\BrowserAI-rc\browsers\chromium-1237\chrome-win64\locales\da.pak","588678","6-9-2026 17:10:02"
"C:\Users\jori\AppData\Local\BrowserAI-rc\browsers\chromium-1237\chrome-win64\locales\de_FEMININE.pak","18","6-9-2026 17:10:02"
"C:\Users\jori\AppData\Local\BrowserAI-rc\browsers\chromium-1237\chrome-win64\locales\de_MASCULINE.pak","18","6-9-2026 17:10:02"
"C:\Users\jori\AppData\Local\BrowserAI-rc\browsers\chromium-1237\chrome-win64\locales\de_NEUTER.pak","18","6-9-2026 17:10:02"
"C:\Users\jori\AppData\Local\BrowserAI-rc\browsers\chromium-1237\chrome-win64\locales\de.pak","637220","6-9-2026 17:10:02"
"C:\Users\jori\AppData\Local\BrowserAI-rc\browsers\chromium-1237\chrome-win64\locales\el_FEMININE.pak","18","6-9-2026 17:10:02"
"C:\Users\jori\AppData\Local\BrowserAI-rc\browsers\chromium-1237\chrome-win64\locales\el_MASCULINE.pak","18","6-9-2026 17:10:02"
"C:\Users\jori\AppData\Local\BrowserAI-rc\browsers\chromium-1237\chrome-win64\locales\el_NEUTER.pak","18","6-9-2026 17:10:02"
"C:\Users\jori\AppData\Local\BrowserAI-rc\browsers\chromium-1237\chrome-win64\locales\el.pak","1128374","6-9-2026 17:10:02"
"C:\Users\jori\AppData\Local\BrowserAI-rc\browsers\chromium-1237\chrome-win64\locales\en-GB_FEMININE.pak","18","6-9-2026 17:10:02"
"C:\Users\jori\AppData\Local\BrowserAI-rc\browsers\chromium-1237\chrome-win64\locales\en-GB_MASCULINE.pak","18","6-9-2026 17:10:02"
"C:\Users\jori\AppData\Local\BrowserAI-rc\browsers\chromium-1237\chrome-win64\locales\en-GB_NEUTER.pak","18","6-9-2026 17:10:02"
"C:\Users\jori\AppData\Local\BrowserAI-rc\browsers\chromium-1237\chrome-win64\locales\en-GB.pak","510061","6-9-2026 17:10:02"
"C:\Users\jori\AppData\Local\BrowserAI-rc\browsers\chromium-1237\chrome-win64\locales\en-US_FEMININE.pak","18","6-9-2026 17:10:02"
"C:\Users\jori\AppData\Local\BrowserAI-rc\browsers\chromium-1237\chrome-win64\locales\en-US_MASCULINE.pak","18","6-9-2026 17:10:02"
"C:\Users\jori\AppData\Local\BrowserAI-rc\browsers\chromium-1237\chrome-win64\locales\en-US_NEUTER.pak","18","6-9-2026 17:10:02"
"C:\Users\jori\AppData\Local\BrowserAI-rc\browsers\chromium-1237\chrome-win64\locales\en-US.pak","515370","6-9-2026 17:10:02"
"C:\Users\jori\AppData\Local\BrowserAI-rc\browsers\chromium-1237\chrome-win64\locales\es_FEMININE.pak","18","6-9-2026 17:10:02"
"C:\Users\jori\AppData\Local\BrowserAI-rc\browsers\chromium-1237\chrome-win64\locales\es_MASCULINE.pak","18","6-9-2026 17:10:02"
"C:\Users\jori\AppData\Local\BrowserAI-rc\browsers\chromium-1237\chrome-win64\locales\es_NEUTER.pak","18","6-9-2026 17:10:02"
"C:\Users\jori\AppData\Local\BrowserAI-rc\browsers\chromium-1237\chrome-win64\locales\es-419_FEMININE.pak","18","6-9-2026 17:10:02"
"C:\Users\jori\AppData\Local\BrowserAI-rc\browsers\chromium-1237\chrome-win64\locales\es-419_MASCULINE.pak","18","6-9-2026 17:10:02"
"C:\Users\jori\AppData\Local\BrowserAI-rc\browsers\chromium-1237\chrome-win64\locales\es-419_NEUTER.pak","18","6-9-2026 17:10:02"
"C:\Users\jori\AppData\Local\BrowserAI-rc\browsers\chromium-1237\chrome-win64\locales\es-419.pak","622594","6-9-2026 17:10:02"
"C:\Users\jori\AppData\Local\BrowserAI-rc\browsers\chromium-1237\chrome-win64\locales\es.pak","618447","6-9-2026 17:10:02"
"C:\Users\jori\AppData\Local\BrowserAI-rc\browsers\chromium-1237\chrome-win64\locales\et_FEMININE.pak","18","6-9-2026 17:10:02"
"C:\Users\jori\AppData\Local\BrowserAI-rc\browsers\chromium-1237\chrome-win64\locales\et_MASCULINE.pak","18","6-9-2026 17:10:02"
"C:\Users\jori\AppData\Local\BrowserAI-rc\browsers\chromium-1237\chrome-win64\locales\et_NEUTER.pak","18","6-9-2026 17:10:02"
"C:\Users\jori\AppData\Local\BrowserAI-rc\browsers\chromium-1237\chrome-win64\locales\et.pak","567275","6-9-2026 17:10:02"
"C:\Users\jori\AppData\Local\BrowserAI-rc\browsers\chromium-1237\chrome-win64\locales\fa_FEMININE.pak","18","6-9-2026 17:10:02"
"C:\Users\jori\AppData\Local\BrowserAI-rc\browsers\chromium-1237\chrome-win64\locales\fa_MASCULINE.pak","18","6-9-2026 17:10:02"
"C:\Users\jori\AppData\Local\BrowserAI-rc\browsers\chromium-1237\chrome-win64\locales\fa_NEUTER.pak","18","6-9-2026 17:10:02"
"C:\Users\jori\AppData\Local\BrowserAI-rc\browsers\chromium-1237\chrome-win64\locales\fa.pak","925859","6-9-2026 17:10:02"
"C:\Users\jori\AppData\Local\BrowserAI-rc\browsers\chromium-1237\chrome-win64\locales\fi_FEMININE.pak","18","6-9-2026 17:10:02"
"C:\Users\jori\AppData\Local\BrowserAI-rc\browsers\chromium-1237\chrome-win64\locales\fi_MASCULINE.pak","18","6-9-2026 17:10:02"
"C:\Users\jori\AppData\Local\BrowserAI-rc\browsers\chromium-1237\chrome-win64\locales\fi_NEUTER.pak","18","6-9-2026 17:10:02"
"C:\Users\jori\AppData\Local\BrowserAI-rc\browsers\chromium-1237\chrome-win64\locales\fi.pak","575485","6-9-2026 17:10:02"
"C:\Users\jori\AppData\Local\BrowserAI-rc\browsers\chromium-1237\chrome-win64\locales\fil_FEMININE.pak","18","6-9-2026 17:10:02"
"C:\Users\jori\AppData\Local\BrowserAI-rc\browsers\chromium-1237\chrome-win64\locales\fil_MASCULINE.pak","18","6-9-2026 17:10:02"
"C:\Users\jori\AppData\Local\BrowserAI-rc\browsers\chromium-1237\chrome-win64\locales\fil_NEUTER.pak","18","6-9-2026 17:10:02"
"C:\Users\jori\AppData\Local\BrowserAI-rc\browsers\chromium-1237\chrome-win64\locales\fil.pak","650760","6-9-2026 17:10:02"
"C:\Users\jori\AppData\Local\BrowserAI-rc\browsers\chromium-1237\chrome-win64\locales\fr_FEMININE.pak","18","6-9-2026 17:10:02"
"C:\Users\jori\AppData\Local\BrowserAI-rc\browsers\chromium-1237\chrome-win64\locales\fr_MASCULINE.pak","18","6-9-2026 17:10:02"
"C:\Users\jori\AppData\Local\BrowserAI-rc\browsers\chromium-1237\chrome-win64\locales\fr_NEUTER.pak","18","6-9-2026 17:10:02"
"C:\Users\jori\AppData\Local\BrowserAI-rc\browsers\chromium-1237\chrome-win64\locales\fr.pak","674542","6-9-2026 17:10:02"
"C:\Users\jori\AppData\Local\BrowserAI-rc\browsers\chromium-1237\chrome-win64\locales\gu_FEMININE.pak","18","6-9-2026 17:10:02"
"C:\Users\jori\AppData\Local\BrowserAI-rc\browsers\chromium-1237\chrome-win64\locales\gu_MASCULINE.pak","18","6-9-2026 17:10:02"
"C:\Users\jori\AppData\Local\BrowserAI-rc\browsers\chromium-1237\chrome-win64\locales\gu_NEUTER.pak","18","6-9-2026 17:10:02"
"C:\Users\jori\AppData\Local\BrowserAI-rc\browsers\chromium-1237\chrome-win64\locales\gu.pak","1300857","6-9-2026 17:10:02"
"C:\Users\jori\AppData\Local\BrowserAI-rc\browsers\chromium-1237\chrome-win64\locales\he_FEMININE.pak","18","6-9-2026 17:10:02"
"C:\Users\jori\AppData\Local\BrowserAI-rc\browsers\chromium-1237\chrome-win64\locales\he_MASCULINE.pak","18","6-9-2026 17:10:02"
"C:\Users\jori\AppData\Local\BrowserAI-rc\browsers\chromium-1237\chrome-win64\locales\he_NEUTER.pak","18","6-9-2026 17:10:02"
"C:\Users\jori\AppData\Local\BrowserAI-rc\browsers\chromium-1237\chrome-win64\locales\he.pak","815490","6-9-2026 17:10:02"
"C:\Users\jori\AppData\Local\BrowserAI-rc\browsers\chromium-1237\chrome-win64\locales\hi_FEMININE.pak","18","6-9-2026 17:10:02"
"C:\Users\jori\AppData\Local\BrowserAI-rc\browsers\chromium-1237\chrome-win64\locales\hi_MASCULINE.pak","18","6-9-2026 17:10:02"
"C:\Users\jori\AppData\Local\BrowserAI-rc\browsers\chromium-1237\chrome-win64\locales\hi_NEUTER.pak","18","6-9-2026 17:10:02"
"C:\Users\jori\AppData\Local\BrowserAI-rc\browsers\chromium-1237\chrome-win64\locales\hi.pak","1383340","6-9-2026 17:10:02"
"C:\Users\jori\AppData\Local\BrowserAI-rc\browsers\chromium-1237\chrome-win64\locales\hr_FEMININE.pak","18","6-9-2026 17:10:02"
"C:\Users\jori\AppData\Local\BrowserAI-rc\browsers\chromium-1237\chrome-win64\locales\hr_MASCULINE.pak","18","6-9-2026 17:10:02"
"C:\Users\jori\AppData\Local\BrowserAI-rc\browsers\chromium-1237\chrome-win64\locales\hr_NEUTER.pak","18","6-9-2026 17:10:02"
"C:\Users\jori\AppData\Local\BrowserAI-rc\browsers\chromium-1237\chrome-win64\locales\hr.pak","627404","6-9-2026 17:10:02"
"C:\Users\jori\AppData\Local\BrowserAI-rc\browsers\chromium-1237\chrome-win64\locales\hu_FEMININE.pak","18","6-9-2026 17:10:02"
"C:\Users\jori\AppData\Local\BrowserAI-rc\browsers\chromium-1237\chrome-win64\locales\hu_MASCULINE.pak","18","6-9-2026 17:10:02"
"C:\Users\jori\AppData\Local\BrowserAI-rc\browsers\chromium-1237\chrome-win64\locales\hu_NEUTER.pak","18","6-9-2026 17:10:02"
"C:\Users\jori\AppData\Local\BrowserAI-rc\browsers\chromium-1237\chrome-win64\locales\hu.pak","671741","6-9-2026 17:10:02"
"C:\Users\jori\AppData\Local\BrowserAI-rc\browsers\chromium-1237\chrome-win64\locales\id_FEMININE.pak","18","6-9-2026 17:10:02"
"C:\Users\jori\AppData\Local\BrowserAI-rc\browsers\chromium-1237\chrome-win64\locales\id_MASCULINE.pak","18","6-9-2026 17:10:02"
"C:\Users\jori\AppData\Local\BrowserAI-rc\browsers\chromium-1237\chrome-win64\locales\id_NEUTER.pak","18","6-9-2026 17:10:02"
"C:\Users\jori\AppData\Local\BrowserAI-rc\browsers\chromium-1237\chrome-win64\locales\id.pak","557034","6-9-2026 17:10:02"
"C:\Users\jori\AppData\Local\BrowserAI-rc\browsers\chromium-1237\chrome-win64\locales\it_FEMININE.pak","18","6-9-2026 17:10:02"
"C:\Users\jori\AppData\Local\BrowserAI-rc\browsers\chromium-1237\chrome-win64\locales\it_MASCULINE.pak","18","6-9-2026 17:10:02"
"C:\Users\jori\AppData\Local\BrowserAI-rc\browsers\chromium-1237\chrome-win64\locales\it_NEUTER.pak","18","6-9-2026 17:10:02"
"C:\Users\jori\AppData\Local\BrowserAI-rc\browsers\chromium-1237\chrome-win64\locales\it.pak","616806","6-9-2026 17:10:02"
"C:\Users\jori\AppData\Local\BrowserAI-rc\browsers\chromium-1237\chrome-win64\locales\ja_FEMININE.pak","18","6-9-2026 17:10:02"
"C:\Users\jori\AppData\Local\BrowserAI-rc\browsers\chromium-1237\chrome-win64\locales\ja_MASCULINE.pak","18","6-9-2026 17:10:02"
"C:\Users\jori\AppData\Local\BrowserAI-rc\browsers\chromium-1237\chrome-win64\locales\ja_NEUTER.pak","18","6-9-2026 17:10:02"
"C:\Users\jori\AppData\Local\BrowserAI-rc\browsers\chromium-1237\chrome-win64\locales\ja.pak","743395","6-9-2026 17:10:02"
"C:\Users\jori\AppData\Local\BrowserAI-rc\browsers\chromium-1237\chrome-win64\locales\kn_FEMININE.pak","18","6-9-2026 17:10:02"
"C:\Users\jori\AppData\Local\BrowserAI-rc\browsers\chromium-1237\chrome-win64\locales\kn_MASCULINE.pak","18","6-9-2026 17:10:02"
"C:\Users\jori\AppData\Local\BrowserAI-rc\browsers\chromium-1237\chrome-win64\locales\kn_NEUTER.pak","18","6-9-2026 17:10:02"
"C:\Users\jori\AppData\Local\BrowserAI-rc\browsers\chromium-1237\chrome-win64\locales\kn.pak","1486904","6-9-2026 17:10:02"
"C:\Users\jori\AppData\Local\BrowserAI-rc\browsers\chromium-1237\chrome-win64\locales\ko_FEMININE.pak","18","6-9-2026 17:10:02"
"C:\Users\jori\AppData\Local\BrowserAI-rc\browsers\chromium-1237\chrome-win64\locales\ko_MASCULINE.pak","18","6-9-2026 17:10:02"
"C:\Users\jori\AppData\Local\BrowserAI-rc\browsers\chromium-1237\chrome-win64\locales\ko_NEUTER.pak","18","6-9-2026 17:10:02"
"C:\Users\jori\AppData\Local\BrowserAI-rc\browsers\chromium-1237\chrome-win64\locales\ko.pak","631808","6-9-2026 17:10:02"
"C:\Users\jori\AppData\Local\BrowserAI-rc\browsers\chromium-1237\chrome-win64\locales\lt_FEMININE.pak","18","6-9-2026 17:10:02"
"C:\Users\jori\AppData\Local\BrowserAI-rc\browsers\chromium-1237\chrome-win64\locales\lt_MASCULINE.pak","18","6-9-2026 17:10:02"
"C:\Users\jori\AppData\Local\BrowserAI-rc\browsers\chromium-1237\chrome-win64\locales\lt_NEUTER.pak","18","6-9-2026 17:10:02"
"C:\Users\jori\AppData\Local\BrowserAI-rc\browsers\chromium-1237\chrome-win64\locales\lt.pak","682396","6-9-2026 17:10:02"
"C:\Users\jori\AppData\Local\BrowserAI-rc\browsers\chromium-1237\chrome-win64\locales\lv_FEMININE.pak","18","6-9-2026 17:10:02"
"C:\Users\jori\AppData\Local\BrowserAI-rc\browsers\chromium-1237\chrome-win64\locales\lv_MASCULINE.pak","18","6-9-2026 17:10:02"
"C:\Users\jori\AppData\Local\BrowserAI-rc\browsers\chromium-1237\chrome-win64\locales\lv_NEUTER.pak","18","6-9-2026 17:10:02"
"C:\Users\jori\AppData\Local\BrowserAI-rc\browsers\chromium-1237\chrome-win64\locales\lv.pak","679146","6-9-2026 17:10:02"
"C:\Users\jori\AppData\Local\BrowserAI-rc\browsers\chromium-1237\chrome-win64\locales\ml_FEMININE.pak","18","6-9-2026 17:10:02"
"C:\Users\jori\AppData\Local\BrowserAI-rc\browsers\chromium-1237\chrome-win64\locales\ml_MASCULINE.pak","18","6-9-2026 17:10:02"
"C:\Users\jori\AppData\Local\BrowserAI-rc\browsers\chromium-1237\chrome-win64\locales\ml_NEUTER.pak","18","6-9-2026 17:10:02"
"C:\Users\jori\AppData\Local\BrowserAI-rc\browsers\chromium-1237\chrome-win64\locales\ml.pak","1529650","6-9-2026 17:10:02"
"C:\Users\jori\AppData\Local\BrowserAI-rc\browsers\chromium-1237\chrome-win64\locales\mr_FEMININE.pak","18","6-9-2026 17:10:02"
"C:\Users\jori\AppData\Local\BrowserAI-rc\browsers\chromium-1237\chrome-win64\locales\mr_MASCULINE.pak","18","6-9-2026 17:10:02"
"C:\Users\jori\AppData\Local\BrowserAI-rc\browsers\chromium-1237\chrome-win64\locales\mr_NEUTER.pak","18","6-9-2026 17:10:02"
"C:\Users\jori\AppData\Local\BrowserAI-rc\browsers\chromium-1237\chrome-win64\locales\mr.pak","1269951","6-9-2026 17:10:02"
"C:\Users\jori\AppData\Local\BrowserAI-rc\browsers\chromium-1237\chrome-win64\locales\ms_FEMININE.pak","18","6-9-2026 17:10:02"
"C:\Users\jori\AppData\Local\BrowserAI-rc\browsers\chromium-1237\chrome-win64\locales\ms_MASCULINE.pak","18","6-9-2026 17:10:02"
"C:\Users\jori\AppData\Local\BrowserAI-rc\browsers\chromium-1237\chrome-win64\locales\ms_NEUTER.pak","18","6-9-2026 17:10:02"
"C:\Users\jori\AppData\Local\BrowserAI-rc\browsers\chromium-1237\chrome-win64\locales\ms.pak","584578","6-9-2026 17:10:02"
"C:\Users\jori\AppData\Local\BrowserAI-rc\browsers\chromium-1237\chrome-win64\locales\nb_FEMININE.pak","18","6-9-2026 17:10:02"
"C:\Users\jori\AppData\Local\BrowserAI-rc\browsers\chromium-1237\chrome-win64\locales\nb_MASCULINE.pak","18","6-9-2026 17:10:02"
"C:\Users\jori\AppData\Local\BrowserAI-rc\browsers\chromium-1237\chrome-win64\locales\nb_NEUTER.pak","18","6-9-2026 17:10:02"
"C:\Users\jori\AppData\Local\BrowserAI-rc\browsers\chromium-1237\chrome-win64\locales\nb.pak","561036","6-9-2026 17:10:02"
"C:\Users\jori\AppData\Local\BrowserAI-rc\browsers\chromium-1237\chrome-win64\locales\nl_FEMININE.pak","18","6-9-2026 17:10:02"
"C:\Users\jori\AppData\Local\BrowserAI-rc\browsers\chromium-1237\chrome-win64\locales\nl_MASCULINE.pak","18","6-9-2026 17:10:02"
"C:\Users\jori\AppData\Local\BrowserAI-rc\browsers\chromium-1237\chrome-win64\locales\nl_NEUTER.pak","18","6-9-2026 17:10:02"
"C:\Users\jori\AppData\Local\BrowserAI-rc\browsers\chromium-1237\chrome-win64\locales\nl.pak","584889","6-9-2026 17:10:02"
"C:\Users\jori\AppData\Local\BrowserAI-rc\browsers\chromium-1237\chrome-win64\locales\pl_FEMININE.pak","18","6-9-2026 17:10:02"
"C:\Users\jori\AppData\Local\BrowserAI-rc\browsers\chromium-1237\chrome-win64\locales\pl_MASCULINE.pak","18","6-9-2026 17:10:02"
"C:\Users\jori\AppData\Local\BrowserAI-rc\browsers\chromium-1237\chrome-win64\locales\pl_NEUTER.pak","18","6-9-2026 17:10:02"
"C:\Users\jori\AppData\Local\BrowserAI-rc\browsers\chromium-1237\chrome-win64\locales\pl.pak","652927","6-9-2026 17:10:02"
"C:\Users\jori\AppData\Local\BrowserAI-rc\browsers\chromium-1237\chrome-win64\locales\pt-BR_FEMININE.pak","18","6-9-2026 17:10:02"
"C:\Users\jori\AppData\Local\BrowserAI-rc\browsers\chromium-1237\chrome-win64\locales\pt-BR_MASCULINE.pak","18","6-9-2026 17:10:02"
"C:\Users\jori\AppData\Local\BrowserAI-rc\browsers\chromium-1237\chrome-win64\locales\pt-BR_NEUTER.pak","18","6-9-2026 17:10:02"
"C:\Users\jori\AppData\Local\BrowserAI-rc\browsers\chromium-1237\chrome-win64\locales\pt-BR.pak","611788","6-9-2026 17:10:02"
"C:\Users\jori\AppData\Local\BrowserAI-rc\browsers\chromium-1237\chrome-win64\locales\pt-PT_FEMININE.pak","18","6-9-2026 17:10:02"
"C:\Users\jori\AppData\Local\BrowserAI-rc\browsers\chromium-1237\chrome-win64\locales\pt-PT_MASCULINE.pak","18","6-9-2026 17:10:02"
"C:\Users\jori\AppData\Local\BrowserAI-rc\browsers\chromium-1237\chrome-win64\locales\pt-PT_NEUTER.pak","18","6-9-2026 17:10:02"
"C:\Users\jori\AppData\Local\BrowserAI-rc\browsers\chromium-1237\chrome-win64\locales\pt-PT.pak","616100","6-9-2026 17:10:02"
"C:\Users\jori\AppData\Local\BrowserAI-rc\browsers\chromium-1237\chrome-win64\locales\ro_FEMININE.pak","18","6-9-2026 17:10:02"
"C:\Users\jori\AppData\Local\BrowserAI-rc\browsers\chromium-1237\chrome-win64\locales\ro_MASCULINE.pak","18","6-9-2026 17:10:02"
"C:\Users\jori\AppData\Local\BrowserAI-rc\browsers\chromium-1237\chrome-win64\locales\ro_NEUTER.pak","18","6-9-2026 17:10:02"
"C:\Users\jori\AppData\Local\BrowserAI-rc\browsers\chromium-1237\chrome-win64\locales\ro.pak","638307","6-9-2026 17:10:02"
"C:\Users\jori\AppData\Local\BrowserAI-rc\browsers\chromium-1237\chrome-win64\locales\ru_FEMININE.pak","18","6-9-2026 17:10:02"
"C:\Users\jori\AppData\Local\BrowserAI-rc\browsers\chromium-1237\chrome-win64\locales\ru_MASCULINE.pak","18","6-9-2026 17:10:02"
"C:\Users\jori\AppData\Local\BrowserAI-rc\browsers\chromium-1237\chrome-win64\locales\ru_NEUTER.pak","18","6-9-2026 17:10:02"
"C:\Users\jori\AppData\Local\BrowserAI-rc\browsers\chromium-1237\chrome-win64\locales\ru.pak","1048782","6-9-2026 17:10:02"
"C:\Users\jori\AppData\Local\BrowserAI-rc\browsers\chromium-1237\chrome-win64\locales\sk_FEMININE.pak","18","6-9-2026 17:10:02"
"C:\Users\jori\AppData\Local\BrowserAI-rc\browsers\chromium-1237\chrome-win64\locales\sk_MASCULINE.pak","18","6-9-2026 17:10:02"
"C:\Users\jori\AppData\Local\BrowserAI-rc\browsers\chromium-1237\chrome-win64\locales\sk_NEUTER.pak","18","6-9-2026 17:10:02"
"C:\Users\jori\AppData\Local\BrowserAI-rc\browsers\chromium-1237\chrome-win64\locales\sk.pak","661342","6-9-2026 17:10:02"
"C:\Users\jori\AppData\Local\BrowserAI-rc\browsers\chromium-1237\chrome-win64\locales\sl_FEMININE.pak","18","6-9-2026 17:10:02"
"C:\Users\jori\AppData\Local\BrowserAI-rc\browsers\chromium-1237\chrome-win64\locales\sl_MASCULINE.pak","18","6-9-2026 17:10:02"
"C:\Users\jori\AppData\Local\BrowserAI-rc\browsers\chromium-1237\chrome-win64\locales\sl_NEUTER.pak","18","6-9-2026 17:10:02"
"C:\Users\jori\AppData\Local\BrowserAI-rc\browsers\chromium-1237\chrome-win64\locales\sl.pak","633152","6-9-2026 17:10:02"
"C:\Users\jori\AppData\Local\BrowserAI-rc\browsers\chromium-1237\chrome-win64\locales\sr_FEMININE.pak","18","6-9-2026 17:10:02"
"C:\Users\jori\AppData\Local\BrowserAI-rc\browsers\chromium-1237\chrome-win64\locales\sr_MASCULINE.pak","18","6-9-2026 17:10:02"
"C:\Users\jori\AppData\Local\BrowserAI-rc\browsers\chromium-1237\chrome-win64\locales\sr_NEUTER.pak","18","6-9-2026 17:10:02"
"C:\Users\jori\AppData\Local\BrowserAI-rc\browsers\chromium-1237\chrome-win64\locales\sr.pak","969881","6-9-2026 17:10:02"
"C:\Users\jori\AppData\Local\BrowserAI-rc\browsers\chromium-1237\chrome-win64\locales\sv_FEMININE.pak","18","6-9-2026 17:10:02"
"C:\Users\jori\AppData\Local\BrowserAI-rc\browsers\chromium-1237\chrome-win64\locales\sv_MASCULINE.pak","18","6-9-2026 17:10:02"
"C:\Users\jori\AppData\Local\BrowserAI-rc\browsers\chromium-1237\chrome-win64\locales\sv_NEUTER.pak","18","6-9-2026 17:10:02"
"C:\Users\jori\AppData\Local\BrowserAI-rc\browsers\chromium-1237\chrome-win64\locales\sv.pak","567525","6-9-2026 17:10:02"
"C:\Users\jori\AppData\Local\BrowserAI-rc\browsers\chromium-1237\chrome-win64\locales\sw_FEMININE.pak","18","6-9-2026 17:10:02"
"C:\Users\jori\AppData\Local\BrowserAI-rc\browsers\chromium-1237\chrome-win64\locales\sw_MASCULINE.pak","18","6-9-2026 17:10:02"
"C:\Users\jori\AppData\Local\BrowserAI-rc\browsers\chromium-1237\chrome-win64\locales\sw_NEUTER.pak","18","6-9-2026 17:10:02"
"C:\Users\jori\AppData\Local\BrowserAI-rc\browsers\chromium-1237\chrome-win64\locales\sw.pak","601312","6-9-2026 17:10:02"
"C:\Users\jori\AppData\Local\BrowserAI-rc\browsers\chromium-1237\chrome-win64\locales\ta_FEMININE.pak","18","6-9-2026 17:10:02"
"C:\Users\jori\AppData\Local\BrowserAI-rc\browsers\chromium-1237\chrome-win64\locales\ta_MASCULINE.pak","18","6-9-2026 17:10:02"
"C:\Users\jori\AppData\Local\BrowserAI-rc\browsers\chromium-1237\chrome-win64\locales\ta_NEUTER.pak","18","6-9-2026 17:10:02"
"C:\Users\jori\AppData\Local\BrowserAI-rc\browsers\chromium-1237\chrome-win64\locales\ta.pak","1526202","6-9-2026 17:10:02"
"C:\Users\jori\AppData\Local\BrowserAI-rc\browsers\chromium-1237\chrome-win64\locales\te_FEMININE.pak","18","6-9-2026 17:10:02"
"C:\Users\jori\AppData\Local\BrowserAI-rc\browsers\chromium-1237\chrome-win64\locales\te_MASCULINE.pak","18","6-9-2026 17:10:02"
"C:\Users\jori\AppData\Local\BrowserAI-rc\browsers\chromium-1237\chrome-win64\locales\te_NEUTER.pak","18","6-9-2026 17:10:02"
"C:\Users\jori\AppData\Local\BrowserAI-rc\browsers\chromium-1237\chrome-win64\locales\te.pak","1412763","6-9-2026 17:10:02"
"C:\Users\jori\AppData\Local\BrowserAI-rc\browsers\chromium-1237\chrome-win64\locales\th_FEMININE.pak","18","6-9-2026 17:10:02"
"C:\Users\jori\AppData\Local\BrowserAI-rc\browsers\chromium-1237\chrome-win64\locales\th_MASCULINE.pak","18","6-9-2026 17:10:02"
"C:\Users\jori\AppData\Local\BrowserAI-rc\browsers\chromium-1237\chrome-win64\locales\th_NEUTER.pak","18","6-9-2026 17:10:02"
"C:\Users\jori\AppData\Local\BrowserAI-rc\browsers\chromium-1237\chrome-win64\locales\th.pak","1190302","6-9-2026 17:10:02"
"C:\Users\jori\AppData\Local\BrowserAI-rc\browsers\chromium-1237\chrome-win64\locales\tr_FEMININE.pak","18","6-9-2026 17:10:02"
"C:\Users\jori\AppData\Local\BrowserAI-rc\browsers\chromium-1237\chrome-win64\locales\tr_MASCULINE.pak","18","6-9-2026 17:10:02"
"C:\Users\jori\AppData\Local\BrowserAI-rc\browsers\chromium-1237\chrome-win64\locales\tr_NEUTER.pak","18","6-9-2026 17:10:02"
"C:\Users\jori\AppData\Local\BrowserAI-rc\browsers\chromium-1237\chrome-win64\locales\tr.pak","610820","6-9-2026 17:10:02"
"C:\Users\jori\AppData\Local\BrowserAI-rc\browsers\chromium-1237\chrome-win64\locales\uk_FEMININE.pak","18","6-9-2026 17:10:02"
"C:\Users\jori\AppData\Local\BrowserAI-rc\browsers\chromium-1237\chrome-win64\locales\uk_MASCULINE.pak","18","6-9-2026 17:10:02"
"C:\Users\jori\AppData\Local\BrowserAI-rc\browsers\chromium-1237\chrome-win64\locales\uk_NEUTER.pak","18","6-9-2026 17:10:02"
"C:\Users\jori\AppData\Local\BrowserAI-rc\browsers\chromium-1237\chrome-win64\locales\uk.pak","1054488","6-9-2026 17:10:02"
"C:\Users\jori\AppData\Local\BrowserAI-rc\browsers\chromium-1237\chrome-win64\locales\ur_FEMININE.pak","18","6-9-2026 17:10:02"
"C:\Users\jori\AppData\Local\BrowserAI-rc\browsers\chromium-1237\chrome-win64\locales\ur_MASCULINE.pak","18","6-9-2026 17:10:02"
"C:\Users\jori\AppData\Local\BrowserAI-rc\browsers\chromium-1237\chrome-win64\locales\ur_NEUTER.pak","18","6-9-2026 17:10:02"
"C:\Users\jori\AppData\Local\BrowserAI-rc\browsers\chromium-1237\chrome-win64\locales\ur.pak","908236","6-9-2026 17:10:02"
"C:\Users\jori\AppData\Local\BrowserAI-rc\browsers\chromium-1237\chrome-win64\locales\vi_FEMININE.pak","18","6-9-2026 17:10:02"
"C:\Users\jori\AppData\Local\BrowserAI-rc\browsers\chromium-1237\chrome-win64\locales\vi_MASCULINE.pak","18","6-9-2026 17:10:02"
"C:\Users\jori\AppData\Local\BrowserAI-rc\browsers\chromium-1237\chrome-win64\locales\vi_NEUTER.pak","18","6-9-2026 17:10:02"
"C:\Users\jori\AppData\Local\BrowserAI-rc\browsers\chromium-1237\chrome-win64\locales\vi.pak","726599","6-9-2026 17:10:02"
"C:\Users\jori\AppData\Local\BrowserAI-rc\browsers\chromium-1237\chrome-win64\locales\zh-CN_FEMININE.pak","18","6-9-2026 17:10:02"
"C:\Users\jori\AppData\Local\BrowserAI-rc\browsers\chromium-1237\chrome-win64\locales\zh-CN_MASCULINE.pak","18","6-9-2026 17:10:02"
"C:\Users\jori\AppData\Local\BrowserAI-rc\browsers\chromium-1237\chrome-win64\locales\zh-CN_NEUTER.pak","18","6-9-2026 17:10:02"
"C:\Users\jori\AppData\Local\BrowserAI-rc\browsers\chromium-1237\chrome-win64\locales\zh-CN.pak","521675","6-9-2026 17:10:02"
"C:\Users\jori\AppData\Local\BrowserAI-rc\browsers\chromium-1237\chrome-win64\locales\zh-TW_FEMININE.pak","18","6-9-2026 17:10:02"
"C:\Users\jori\AppData\Local\BrowserAI-rc\browsers\chromium-1237\chrome-win64\locales\zh-TW_MASCULINE.pak","18","6-9-2026 17:10:02"
"C:\Users\jori\AppData\Local\BrowserAI-rc\browsers\chromium-1237\chrome-win64\locales\zh-TW_NEUTER.pak","18","6-9-2026 17:10:02"
"C:\Users\jori\AppData\Local\BrowserAI-rc\browsers\chromium-1237\chrome-win64\locales\zh-TW.pak","516286","6-9-2026 17:10:02"
"C:\Users\jori\AppData\Local\BrowserAI-rc\browsers\chromium-1237\chrome-win64\MEIPreload\manifest.json","238","6-9-2026 17:09:59"
"C:\Users\jori\AppData\Local\BrowserAI-rc\browsers\chromium-1237\chrome-win64\MEIPreload\preloaded_data.pb","8254","6-9-2026 17:09:59"
"C:\Users\jori\AppData\Local\BrowserAI-rc\browsers\chromium-1237\chrome-win64\PrivacySandboxAttestationsPreloaded\manifest.json","122","6-9-2026 17:09:59"
"C:\Users\jori\AppData\Local\BrowserAI-rc\browsers\chromium-1237\chrome-win64\PrivacySandboxAttestationsPreloaded\privacy-sandbox-attestations.dat","7624","6-9-2026 17:09:59"
"C:\Users\jori\AppData\Local\BrowserAI-rc\browsers\chromium-1237\chrome-win64\resources\accessibility",,"6-9-2026 17:10:03"
"C:\Users\jori\AppData\Local\BrowserAI-rc\browsers\chromium-1237\chrome-win64\resources\accessibility\reading_mode_gdocs_helper",,"6-9-2026 17:10:03"
"C:\Users\jori\AppData\Local\BrowserAI-rc\browsers\chromium-1237\chrome-win64\resources\accessibility\reading_mode_gdocs_helper_manifest.json","2399","6-9-2026 17:10:03"
"C:\Users\jori\AppData\Local\BrowserAI-rc\browsers\chromium-1237\chrome-win64\resources\accessibility\reading_mode_gdocs_helper\content.js","439","6-9-2026 17:10:03"
"C:\Users\jori\AppData\Local\BrowserAI-rc\browsers\chromium-1237\chrome-win64\resources\accessibility\reading_mode_gdocs_helper\gdocs_script.js","1425","6-9-2026 17:10:03"
"C:\Users\jori\AppData\Local\BrowserAI-rc\browsers\ffmpeg-1011\COPYING.LGPLv2.1","26526","6-9-2026 17:10:03"
"C:\Users\jori\AppData\Local\BrowserAI-rc\browsers\ffmpeg-1011\DEPENDENCIES_VALIDATED","0","6-9-2026 17:10:04"
"C:\Users\jori\AppData\Local\BrowserAI-rc\browsers\ffmpeg-1011\ffmpeg-win64.exe","3490816","6-9-2026 17:10:03"
"C:\Users\jori\AppData\Local\BrowserAI-rc\browsers\ffmpeg-1011\INSTALLATION_COMPLETE","0","6-9-2026 17:10:03"
"C:\Users\jori\AppData\Local\BrowserAI-rc\browsers\winldd-1007\DEPENDENCIES_VALIDATED","0","6-9-2026 17:10:04"
"C:\Users\jori\AppData\Local\BrowserAI-rc\browsers\winldd-1007\INSTALLATION_COMPLETE","0","6-9-2026 17:10:04"
"C:\Users\jori\AppData\Local\BrowserAI-rc\browsers\winldd-1007\PrintDeps.exe","258560","6-9-2026 17:10:04"
"C:\Users\jori\AppData\Local\BrowserAI-rc\current\payload",,"6-9-2026 17:08:16"
"C:\Users\jori\AppData\Local\BrowserAI-rc\current\BrowserAI.exe","19186688","6-9-2026 17:08:16"
"C:\Users\jori\AppData\Local\BrowserAI-rc\current\BrowserAI.xml","1300485","6-9-2026 17:08:16"
"C:\Users\jori\AppData\Local\BrowserAI-rc\current\sq.version","477","6-9-2026 17:08:16"
"C:\Users\jori\AppData\Local\BrowserAI-rc\current\THIRD-PARTY-NOTICES.txt","22610","6-9-2026 17:08:16"
"C:\Users\jori\AppData\Local\BrowserAI-rc\current\payload\mcp",,"6-9-2026 17:08:16"
"C:\Users\jori\AppData\Local\BrowserAI-rc\current\payload\node",,"6-9-2026 17:08:16"
"C:\Users\jori\AppData\Local\BrowserAI-rc\current\payload\payload.json","805","6-9-2026 17:08:16"
"C:\Users\jori\AppData\Local\BrowserAI-rc\current\payload\tool-verdicts.json","7615","6-9-2026 17:08:16"
"C:\Users\jori\AppData\Local\BrowserAI-rc\current\payload\mcp\node_modules",,"6-9-2026 17:08:17"
"C:\Users\jori\AppData\Local\BrowserAI-rc\current\payload\mcp\package-lock.json","2319","6-9-2026 17:08:16"
"C:\Users\jori\AppData\Local\BrowserAI-rc\current\payload\mcp\package.json","1153","6-9-2026 17:08:16"
"C:\Users\jori\AppData\Local\BrowserAI-rc\current\payload\mcp\node_modules\.bin",,"6-9-2026 17:08:17"
"C:\Users\jori\AppData\Local\BrowserAI-rc\current\payload\mcp\node_modules\@playwright",,"6-9-2026 17:08:17"
"C:\Users\jori\AppData\Local\BrowserAI-rc\current\payload\mcp\node_modules\playwright",,"6-9-2026 17:08:17"
"C:\Users\jori\AppData\Local\BrowserAI-rc\current\payload\mcp\node_modules\playwright-core",,"6-9-2026 17:08:17"
"C:\Users\jori\AppData\Local\BrowserAI-rc\current\payload\mcp\node_modules\.package-lock.json","1717","6-9-2026 17:08:16"
"C:\Users\jori\AppData\Local\BrowserAI-rc\current\payload\mcp\node_modules\.bin\playwright","383","6-9-2026 17:08:17"
"C:\Users\jori\AppData\Local\BrowserAI-rc\current\payload\mcp\node_modules\.bin\playwright-core","393","6-9-2026 17:08:17"
"C:\Users\jori\AppData\Local\BrowserAI-rc\current\payload\mcp\node_modules\.bin\playwright-core.cmd","327","6-9-2026 17:08:17"
"C:\Users\jori\AppData\Local\BrowserAI-rc\current\payload\mcp\node_modules\.bin\playwright-core.ps1","813","6-9-2026 17:08:17"
"C:\Users\jori\AppData\Local\BrowserAI-rc\current\payload\mcp\node_modules\.bin\playwright-mcp","393","6-9-2026 17:08:17"
"C:\Users\jori\AppData\Local\BrowserAI-rc\current\payload\mcp\node_modules\.bin\playwright-mcp.cmd","327","6-9-2026 17:08:17"
"C:\Users\jori\AppData\Local\BrowserAI-rc\current\payload\mcp\node_modules\.bin\playwright-mcp.ps1","813","6-9-2026 17:08:17"
"C:\Users\jori\AppData\Local\BrowserAI-rc\current\payload\mcp\node_modules\.bin\playwright.cmd","322","6-9-2026 17:08:17"
"C:\Users\jori\AppData\Local\BrowserAI-rc\current\payload\mcp\node_modules\.bin\playwright.ps1","793","6-9-2026 17:08:17"
"C:\Users\jori\AppData\Local\BrowserAI-rc\current\payload\mcp\node_modules\@playwright\mcp",,"6-9-2026 17:08:17"
"C:\Users\jori\AppData\Local\BrowserAI-rc\current\payload\mcp\node_modules\@playwright\mcp\cli.js","1192","6-9-2026 17:08:17"
"C:\Users\jori\AppData\Local\BrowserAI-rc\current\payload\mcp\node_modules\@playwright\mcp\config.d.ts","7667","6-9-2026 17:08:17"
"C:\Users\jori\AppData\Local\BrowserAI-rc\current\payload\mcp\node_modules\@playwright\mcp\index.d.ts","901","6-9-2026 17:08:17"
"C:\Users\jori\AppData\Local\BrowserAI-rc\current\payload\mcp\node_modules\@playwright\mcp\index.js","747","6-9-2026 17:08:17"
"C:\Users\jori\AppData\Local\BrowserAI-rc\current\payload\mcp\node_modules\@playwright\mcp\LICENSE","11552","6-9-2026 17:08:17"
"C:\Users\jori\AppData\Local\BrowserAI-rc\current\payload\mcp\node_modules\@playwright\mcp\package.json","1530","6-9-2026 17:08:17"
"C:\Users\jori\AppData\Local\BrowserAI-rc\current\payload\mcp\node_modules\@playwright\mcp\README.md","61992","6-9-2026 17:08:17"
"C:\Users\jori\AppData\Local\BrowserAI-rc\current\payload\mcp\node_modules\playwright\lib",,"6-9-2026 17:08:17"
"C:\Users\jori\AppData\Local\BrowserAI-rc\current\payload\mcp\node_modules\playwright\types",,"6-9-2026 17:08:17"
"C:\Users\jori\AppData\Local\BrowserAI-rc\current\payload\mcp\node_modules\playwright\cli.js","698","6-9-2026 17:08:17"
"C:\Users\jori\AppData\Local\BrowserAI-rc\current\payload\mcp\node_modules\playwright\index.d.ts","636","6-9-2026 17:08:17"
"C:\Users\jori\AppData\Local\BrowserAI-rc\current\payload\mcp\node_modules\playwright\index.js","648","6-9-2026 17:08:17"
"C:\Users\jori\AppData\Local\BrowserAI-rc\current\payload\mcp\node_modules\playwright\index.mjs","704","6-9-2026 17:08:17"
"C:\Users\jori\AppData\Local\BrowserAI-rc\current\payload\mcp\node_modules\playwright\jsx-runtime.js","942","6-9-2026 17:08:17"
"C:\Users\jori\AppData\Local\BrowserAI-rc\current\payload\mcp\node_modules\playwright\jsx-runtime.mjs","764","6-9-2026 17:08:17"
"C:\Users\jori\AppData\Local\BrowserAI-rc\current\payload\mcp\node_modules\playwright\LICENSE","11601","6-9-2026 17:08:17"
"C:\Users\jori\AppData\Local\BrowserAI-rc\current\payload\mcp\node_modules\playwright\NOTICE","254","6-9-2026 17:08:17"
"C:\Users\jori\AppData\Local\BrowserAI-rc\current\payload\mcp\node_modules\playwright\package.json","1450","6-9-2026 17:08:17"
"C:\Users\jori\AppData\Local\BrowserAI-rc\current\payload\mcp\node_modules\playwright\README.md","11280","6-9-2026 17:08:17"
"C:\Users\jori\AppData\Local\BrowserAI-rc\current\payload\mcp\node_modules\playwright\test.d.ts","673","6-9-2026 17:08:17"
"C:\Users\jori\AppData\Local\BrowserAI-rc\current\payload\mcp\node_modules\playwright\test.js","806","6-9-2026 17:08:17"
"C:\Users\jori\AppData\Local\BrowserAI-rc\current\payload\mcp\node_modules\playwright\test.mjs","1400","6-9-2026 17:08:17"
"C:\Users\jori\AppData\Local\BrowserAI-rc\current\payload\mcp\node_modules\playwright\ThirdPartyNotices.txt","705","6-9-2026 17:08:17"
"C:\Users\jori\AppData\Local\BrowserAI-rc\current\payload\mcp\node_modules\playwright\lib\agents",,"6-9-2026 17:08:17"
"C:\Users\jori\AppData\Local\BrowserAI-rc\current\payload\mcp\node_modules\playwright\lib\cli",,"6-9-2026 17:08:17"
"C:\Users\jori\AppData\Local\BrowserAI-rc\current\payload\mcp\node_modules\playwright\lib\common",,"6-9-2026 17:08:17"
"C:\Users\jori\AppData\Local\BrowserAI-rc\current\payload\mcp\node_modules\playwright\lib\loader",,"6-9-2026 17:08:17"
"C:\Users\jori\AppData\Local\BrowserAI-rc\current\payload\mcp\node_modules\playwright\lib\matchers",,"6-9-2026 17:08:17"
"C:\Users\jori\AppData\Local\BrowserAI-rc\current\payload\mcp\node_modules\playwright\lib\mcp",,"6-9-2026 17:08:17"
"C:\Users\jori\AppData\Local\BrowserAI-rc\current\payload\mcp\node_modules\playwright\lib\runner",,"6-9-2026 17:08:17"
"C:\Users\jori\AppData\Local\BrowserAI-rc\current\payload\mcp\node_modules\playwright\lib\transform",,"6-9-2026 17:08:17"
"C:\Users\jori\AppData\Local\BrowserAI-rc\current\payload\mcp\node_modules\playwright\lib\worker",,"6-9-2026 17:08:17"
"C:\Users\jori\AppData\Local\BrowserAI-rc\current\payload\mcp\node_modules\playwright\lib\errorContext.js","4552","6-9-2026 17:08:17"
"C:\Users\jori\AppData\Local\BrowserAI-rc\current\payload\mcp\node_modules\playwright\lib\globals.js","1935","6-9-2026 17:08:17"
"C:\Users\jori\AppData\Local\BrowserAI-rc\current\payload\mcp\node_modules\playwright\lib\index.js","36640","6-9-2026 17:08:17"
"C:\Users\jori\AppData\Local\BrowserAI-rc\current\payload\mcp\node_modules\playwright\lib\isomorphic.js","8191","6-9-2026 17:08:17"
"C:\Users\jori\AppData\Local\BrowserAI-rc\current\payload\mcp\node_modules\playwright\lib\isomorphic.js.txt","267","6-9-2026 17:08:17"
"C:\Users\jori\AppData\Local\BrowserAI-rc\current\payload\mcp\node_modules\playwright\lib\package.js","2013","6-9-2026 17:08:17"
"C:\Users\jori\AppData\Local\BrowserAI-rc\current\payload\mcp\node_modules\playwright\lib\program.js","14509","6-9-2026 17:08:17"
"C:\Users\jori\AppData\Local\BrowserAI-rc\current\payload\mcp\node_modules\playwright\lib\util.js","14295","6-9-2026 17:08:17"
"C:\Users\jori\AppData\Local\BrowserAI-rc\current\payload\mcp\node_modules\playwright\lib\agents\agentParser.js","3475","6-9-2026 17:08:17"
"C:\Users\jori\AppData\Local\BrowserAI-rc\current\payload\mcp\node_modules\playwright\lib\agents\copilot-setup-steps.yml","646","6-9-2026 17:08:17"
"C:\Users\jori\AppData\Local\BrowserAI-rc\current\payload\mcp\node_modules\playwright\lib\agents\generateAgents.js","16958","6-9-2026 17:08:17"
"C:\Users\jori\AppData\Local\BrowserAI-rc\current\payload\mcp\node_modules\playwright\lib\agents\playwright-test-coverage.prompt.md","1294","6-9-2026 17:08:17"
"C:\Users\jori\AppData\Local\BrowserAI-rc\current\payload\mcp\node_modules\playwright\lib\agents\playwright-test-generate.prompt.md","175","6-9-2026 17:08:17"
"C:\Users\jori\AppData\Local\BrowserAI-rc\current\payload\mcp\node_modules\playwright\lib\agents\playwright-test-generator.agent.md","3336","6-9-2026 17:08:17"
"C:\Users\jori\AppData\Local\BrowserAI-rc\current\payload\mcp\node_modules\playwright\lib\agents\playwright-test-heal.prompt.md","105","6-9-2026 17:08:17"
"C:\Users\jori\AppData\Local\BrowserAI-rc\current\payload\mcp\node_modules\playwright\lib\agents\playwright-test-healer.agent.md","2891","6-9-2026 17:08:17"
"C:\Users\jori\AppData\Local\BrowserAI-rc\current\payload\mcp\node_modules\playwright\lib\agents\playwright-test-plan.prompt.md","196","6-9-2026 17:08:17"
"C:\Users\jori\AppData\Local\BrowserAI-rc\current\payload\mcp\node_modules\playwright\lib\agents\playwright-test-planner.agent.md","2808","6-9-2026 17:08:17"
"C:\Users\jori\AppData\Local\BrowserAI-rc\current\payload\mcp\node_modules\playwright\lib\cli\reportActions.js","3603","6-9-2026 17:08:17"
"C:\Users\jori\AppData\Local\BrowserAI-rc\current\payload\mcp\node_modules\playwright\lib\cli\testActions.js","9441","6-9-2026 17:08:17"
"C:\Users\jori\AppData\Local\BrowserAI-rc\current\payload\mcp\node_modules\playwright\lib\common\index.js","117762","6-9-2026 17:08:17"
"C:\Users\jori\AppData\Local\BrowserAI-rc\current\payload\mcp\node_modules\playwright\lib\common\index.js.txt","1399","6-9-2026 17:08:17"
"C:\Users\jori\AppData\Local\BrowserAI-rc\current\payload\mcp\node_modules\playwright\lib\loader\loaderProcessEntry.js","1262","6-9-2026 17:08:17"
"C:\Users\jori\AppData\Local\BrowserAI-rc\current\payload\mcp\node_modules\playwright\lib\loader\loaderProcessEntry.js.txt","234","6-9-2026 17:08:17"
"C:\Users\jori\AppData\Local\BrowserAI-rc\current\payload\mcp\node_modules\playwright\lib\matchers\expect.js","546230","6-9-2026 17:08:17"
"C:\Users\jori\AppData\Local\BrowserAI-rc\current\payload\mcp\node_modules\playwright\lib\matchers\expect.js.LICENSE","36528","6-9-2026 17:08:17"
"C:\Users\jori\AppData\Local\BrowserAI-rc\current\payload\mcp\node_modules\playwright\lib\matchers\expect.js.txt","3357","6-9-2026 17:08:17"
"C:\Users\jori\AppData\Local\BrowserAI-rc\current\payload\mcp\node_modules\playwright\lib\mcp\test",,"6-9-2026 17:08:17"
"C:\Users\jori\AppData\Local\BrowserAI-rc\current\payload\mcp\node_modules\playwright\lib\mcp\test\browserBackend.js","4889","6-9-2026 17:08:17"
"C:\Users\jori\AppData\Local\BrowserAI-rc\current\payload\mcp\node_modules\playwright\lib\mcp\test\generatorTools.js","5427","6-9-2026 17:08:17"
"C:\Users\jori\AppData\Local\BrowserAI-rc\current\payload\mcp\node_modules\playwright\lib\mcp\test\plannerTools.js","6379","6-9-2026 17:08:17"
"C:\Users\jori\AppData\Local\BrowserAI-rc\current\payload\mcp\node_modules\playwright\lib\mcp\test\seed.js","3239","6-9-2026 17:08:17"
"C:\Users\jori\AppData\Local\BrowserAI-rc\current\payload\mcp\node_modules\playwright\lib\mcp\test\streams.js","1577","6-9-2026 17:08:17"
"C:\Users\jori\AppData\Local\BrowserAI-rc\current\payload\mcp\node_modules\playwright\lib\mcp\test\testBackend.js","4067","6-9-2026 17:08:17"
"C:\Users\jori\AppData\Local\BrowserAI-rc\current\payload\mcp\node_modules\playwright\lib\mcp\test\testContext.js","11637","6-9-2026 17:08:17"
"C:\Users\jori\AppData\Local\BrowserAI-rc\current\payload\mcp\node_modules\playwright\lib\mcp\test\testTool.js","1104","6-9-2026 17:08:17"
"C:\Users\jori\AppData\Local\BrowserAI-rc\current\payload\mcp\node_modules\playwright\lib\mcp\test\testTools.js","3714","6-9-2026 17:08:17"
"C:\Users\jori\AppData\Local\BrowserAI-rc\current\payload\mcp\node_modules\playwright\lib\runner\index.js","306862","6-9-2026 17:08:17"
"C:\Users\jori\AppData\Local\BrowserAI-rc\current\payload\mcp\node_modules\playwright\lib\runner\index.js.txt","2918","6-9-2026 17:08:17"
"C:\Users\jori\AppData\Local\BrowserAI-rc\current\payload\mcp\node_modules\playwright\lib\transform\babelBundle.js","2901663","6-9-2026 17:08:17"
"C:\Users\jori\AppData\Local\BrowserAI-rc\current\payload\mcp\node_modules\playwright\lib\transform\babelBundle.js.LICENSE","123004","6-9-2026 17:08:17"
"C:\Users\jori\AppData\Local\BrowserAI-rc\current\payload\mcp\node_modules\playwright\lib\transform\babelBundle.js.txt","21645","6-9-2026 17:08:17"
"C:\Users\jori\AppData\Local\BrowserAI-rc\current\payload\mcp\node_modules\playwright\lib\transform\esmLoader.js","290393","6-9-2026 17:08:17"
"C:\Users\jori\AppData\Local\BrowserAI-rc\current\payload\mcp\node_modules\playwright\lib\transform\esmLoader.js.LICENSE","17406","6-9-2026 17:08:17"
"C:\Users\jori\AppData\Local\BrowserAI-rc\current\payload\mcp\node_modules\playwright\lib\transform\esmLoader.js.txt","2725","6-9-2026 17:08:17"
"C:\Users\jori\AppData\Local\BrowserAI-rc\current\payload\mcp\node_modules\playwright\lib\worker\workerProcessEntry.js","75745","6-9-2026 17:08:17"
"C:\Users\jori\AppData\Local\BrowserAI-rc\current\payload\mcp\node_modules\playwright\lib\worker\workerProcessEntry.js.txt","661","6-9-2026 17:08:17"
"C:\Users\jori\AppData\Local\BrowserAI-rc\current\payload\mcp\node_modules\playwright\types\test.d.ts","402674","6-9-2026 17:08:17"
"C:\Users\jori\AppData\Local\BrowserAI-rc\current\payload\mcp\node_modules\playwright\types\testReporter.d.ts","31392","6-9-2026 17:08:17"
"C:\Users\jori\AppData\Local\BrowserAI-rc\current\payload\mcp\node_modules\playwright-core\bin",,"6-9-2026 17:08:17"
"C:\Users\jori\AppData\Local\BrowserAI-rc\current\payload\mcp\node_modules\playwright-core\lib",,"6-9-2026 17:08:17"
"C:\Users\jori\AppData\Local\BrowserAI-rc\current\payload\mcp\node_modules\playwright-core\types",,"6-9-2026 17:08:16"
"C:\Users\jori\AppData\Local\BrowserAI-rc\current\payload\mcp\node_modules\playwright-core\browsers.json","1135","6-9-2026 17:08:16"
"C:\Users\jori\AppData\Local\BrowserAI-rc\current\payload\mcp\node_modules\playwright-core\cli.js","839","6-9-2026 17:08:16"
"C:\Users\jori\AppData\Local\BrowserAI-rc\current\payload\mcp\node_modules\playwright-core\index.d.ts","634","6-9-2026 17:08:16"
"C:\Users\jori\AppData\Local\BrowserAI-rc\current\payload\mcp\node_modules\playwright-core\index.js","697","6-9-2026 17:08:16"
"C:\Users\jori\AppData\Local\BrowserAI-rc\current\payload\mcp\node_modules\playwright-core\index.mjs","1063","6-9-2026 17:08:16"
"C:\Users\jori\AppData\Local\BrowserAI-rc\current\payload\mcp\node_modules\playwright-core\LICENSE","11601","6-9-2026 17:08:16"
"C:\Users\jori\AppData\Local\BrowserAI-rc\current\payload\mcp\node_modules\playwright-core\NOTICE","254","6-9-2026 17:08:16"
"C:\Users\jori\AppData\Local\BrowserAI-rc\current\payload\mcp\node_modules\playwright-core\package.json","893","6-9-2026 17:08:16"
"C:\Users\jori\AppData\Local\BrowserAI-rc\current\payload\mcp\node_modules\playwright-core\README.md","120","6-9-2026 17:08:16"
"C:\Users\jori\AppData\Local\BrowserAI-rc\current\payload\mcp\node_modules\playwright-core\ThirdPartyNotices.txt","676","6-9-2026 17:08:16"
"C:\Users\jori\AppData\Local\BrowserAI-rc\current\payload\mcp\node_modules\playwright-core\bin\install_media_pack.ps1","174","6-9-2026 17:08:17"
"C:\Users\jori\AppData\Local\BrowserAI-rc\current\payload\mcp\node_modules\playwright-core\bin\install_webkit_wsl.ps1","1464","6-9-2026 17:08:17"
"C:\Users\jori\AppData\Local\BrowserAI-rc\current\payload\mcp\node_modules\playwright-core\bin\reinstall_chrome_beta_linux.sh","1217","6-9-2026 17:08:17"
"C:\Users\jori\AppData\Local\BrowserAI-rc\current\payload\mcp\node_modules\playwright-core\bin\reinstall_chrome_beta_mac.sh","563","6-9-2026 17:08:17"
"C:\Users\jori\AppData\Local\BrowserAI-rc\current\payload\mcp\node_modules\playwright-core\bin\reinstall_chrome_beta_win.ps1","957","6-9-2026 17:08:17"
"C:\Users\jori\AppData\Local\BrowserAI-rc\current\payload\mcp\node_modules\playwright-core\bin\reinstall_chrome_stable_linux.sh","1212","6-9-2026 17:08:17"
"C:\Users\jori\AppData\Local\BrowserAI-rc\current\payload\mcp\node_modules\playwright-core\bin\reinstall_chrome_stable_mac.sh","519","6-9-2026 17:08:17"
"C:\Users\jori\AppData\Local\BrowserAI-rc\current\payload\mcp\node_modules\playwright-core\bin\reinstall_chrome_stable_win.ps1","923","6-9-2026 17:08:17"
"C:\Users\jori\AppData\Local\BrowserAI-rc\current\payload\mcp\node_modules\playwright-core\bin\reinstall_msedge_beta_linux.sh","1494","6-9-2026 17:08:17"
"C:\Users\jori\AppData\Local\BrowserAI-rc\current\payload\mcp\node_modules\playwright-core\bin\reinstall_msedge_beta_mac.sh","377","6-9-2026 17:08:17"
"C:\Users\jori\AppData\Local\BrowserAI-rc\current\payload\mcp\node_modules\playwright-core\bin\reinstall_msedge_beta_win.ps1","874","6-9-2026 17:08:17"
"C:\Users\jori\AppData\Local\BrowserAI-rc\current\payload\mcp\node_modules\playwright-core\bin\reinstall_msedge_dev_linux.sh","1489","6-9-2026 17:08:17"
"C:\Users\jori\AppData\Local\BrowserAI-rc\current\payload\mcp\node_modules\playwright-core\bin\reinstall_msedge_dev_mac.sh","372","6-9-2026 17:08:17"
"C:\Users\jori\AppData\Local\BrowserAI-rc\current\payload\mcp\node_modules\playwright-core\bin\reinstall_msedge_dev_win.ps1","869","6-9-2026 17:08:17"
"C:\Users\jori\AppData\Local\BrowserAI-rc\current\payload\mcp\node_modules\playwright-core\bin\reinstall_msedge_stable_linux.sh","1507","6-9-2026 17:08:17"
"C:\Users\jori\AppData\Local\BrowserAI-rc\current\payload\mcp\node_modules\playwright-core\bin\reinstall_msedge_stable_mac.sh","371","6-9-2026 17:08:17"
"C:\Users\jori\AppData\Local\BrowserAI-rc\current\payload\mcp\node_modules\playwright-core\bin\reinstall_msedge_stable_win.ps1","856","6-9-2026 17:08:17"
"C:\Users\jori\AppData\Local\BrowserAI-rc\current\payload\mcp\node_modules\playwright-core\lib\entry",,"6-9-2026 17:08:17"
"C:\Users\jori\AppData\Local\BrowserAI-rc\current\payload\mcp\node_modules\playwright-core\lib\server",,"6-9-2026 17:08:17"
"C:\Users\jori\AppData\Local\BrowserAI-rc\current\payload\mcp\node_modules\playwright-core\lib\tools",,"6-9-2026 17:08:17"
"C:\Users\jori\AppData\Local\BrowserAI-rc\current\payload\mcp\node_modules\playwright-core\lib\vite",,"6-9-2026 17:08:17"
"C:\Users\jori\AppData\Local\BrowserAI-rc\current\payload\mcp\node_modules\playwright-core\lib\bootstrap.js","3481","6-9-2026 17:08:16"
"C:\Users\jori\AppData\Local\BrowserAI-rc\current\payload\mcp\node_modules\playwright-core\lib\coreBundle.js","3449273","6-9-2026 17:08:16"
"C:\Users\jori\AppData\Local\BrowserAI-rc\current\payload\mcp\node_modules\playwright-core\lib\package.js","2112","6-9-2026 17:08:16"
"C:\Users\jori\AppData\Local\BrowserAI-rc\current\payload\mcp\node_modules\playwright-core\lib\serverRegistry.js","247258","6-9-2026 17:08:16"
"C:\Users\jori\AppData\Local\BrowserAI-rc\current\payload\mcp\node_modules\playwright-core\lib\serverRegistry.js.LICENSE","18617","6-9-2026 17:08:16"
"C:\Users\jori\AppData\Local\BrowserAI-rc\current\payload\mcp\node_modules\playwright-core\lib\utilsBundle.js","3239355","6-9-2026 17:08:17"
"C:\Users\jori\AppData\Local\BrowserAI-rc\current\payload\mcp\node_modules\playwright-core\lib\utilsBundle.js.LICENSE","122225","6-9-2026 17:08:17"
"C:\Users\jori\AppData\Local\BrowserAI-rc\current\payload\mcp\node_modules\playwright-core\lib\webp_codec.LICENSE","8841","6-9-2026 17:08:17"
"C:\Users\jori\AppData\Local\BrowserAI-rc\current\payload\mcp\node_modules\playwright-core\lib\webp_codec.wasm","565369","6-9-2026 17:08:17"
"C:\Users\jori\AppData\Local\BrowserAI-rc\current\payload\mcp\node_modules\playwright-core\lib\xdg-open","32416","6-9-2026 17:08:17"
"C:\Users\jori\AppData\Local\BrowserAI-rc\current\payload\mcp\node_modules\playwright-core\lib\entry\cliDaemon.js","197","6-9-2026 17:08:17"
"C:\Users\jori\AppData\Local\BrowserAI-rc\current\payload\mcp\node_modules\playwright-core\lib\entry\dashboardApp.js","108","6-9-2026 17:08:17"
"C:\Users\jori\AppData\Local\BrowserAI-rc\current\payload\mcp\node_modules\playwright-core\lib\entry\mcp.js","442","6-9-2026 17:08:17"
"C:\Users\jori\AppData\Local\BrowserAI-rc\current\payload\mcp\node_modules\playwright-core\lib\entry\oopBrowserDownload.js","120","6-9-2026 17:08:17"
"C:\Users\jori\AppData\Local\BrowserAI-rc\current\payload\mcp\node_modules\playwright-core\lib\server\chromium",,"6-9-2026 17:08:17"
"C:\Users\jori\AppData\Local\BrowserAI-rc\current\payload\mcp\node_modules\playwright-core\lib\server\electron",,"6-9-2026 17:08:17"
"C:\Users\jori\AppData\Local\BrowserAI-rc\current\payload\mcp\node_modules\playwright-core\lib\server\chromium\appIcon.png","16565","6-9-2026 17:08:17"
"C:\Users\jori\AppData\Local\BrowserAI-rc\current\payload\mcp\node_modules\playwright-core\lib\server\electron\loader.js","5100","6-9-2026 17:08:17"
"C:\Users\jori\AppData\Local\BrowserAI-rc\current\payload\mcp\node_modules\playwright-core\lib\tools\cli-client",,"6-9-2026 17:08:17"
"C:\Users\jori\AppData\Local\BrowserAI-rc\current\payload\mcp\node_modules\playwright-core\lib\tools\dashboard",,"6-9-2026 17:08:17"
"C:\Users\jori\AppData\Local\BrowserAI-rc\current\payload\mcp\node_modules\playwright-core\lib\tools\skills",,"6-9-2026 17:08:17"
"C:\Users\jori\AppData\Local\BrowserAI-rc\current\payload\mcp\node_modules\playwright-core\lib\tools\utils",,"6-9-2026 17:08:17"
"C:\Users\jori\AppData\Local\BrowserAI-rc\current\payload\mcp\node_modules\playwright-core\lib\tools\cli-client\channelSessions.js","7087","6-9-2026 17:08:17"
"C:\Users\jori\AppData\Local\BrowserAI-rc\current\payload\mcp\node_modules\playwright-core\lib\tools\cli-client\cli.js","153","6-9-2026 17:08:17"
"C:\Users\jori\AppData\Local\BrowserAI-rc\current\payload\mcp\node_modules\playwright-core\lib\tools\cli-client\help.json","38313","6-9-2026 17:08:17"
"C:\Users\jori\AppData\Local\BrowserAI-rc\current\payload\mcp\node_modules\playwright-core\lib\tools\cli-client\minimist.js","4106","6-9-2026 17:08:17"
"C:\Users\jori\AppData\Local\BrowserAI-rc\current\payload\mcp\node_modules\playwright-core\lib\tools\cli-client\output.js","11973","6-9-2026 17:08:17"
"C:\Users\jori\AppData\Local\BrowserAI-rc\current\payload\mcp\node_modules\playwright-core\lib\tools\cli-client\program.js","16346","6-9-2026 17:08:17"
"C:\Users\jori\AppData\Local\BrowserAI-rc\current\payload\mcp\node_modules\playwright-core\lib\tools\cli-client\registry.js","6768","6-9-2026 17:08:17"
"C:\Users\jori\AppData\Local\BrowserAI-rc\current\payload\mcp\node_modules\playwright-core\lib\tools\cli-client\session.js","9519","6-9-2026 17:08:17"
"C:\Users\jori\AppData\Local\BrowserAI-rc\current\payload\mcp\node_modules\playwright-core\lib\tools\dashboard\appIcon.png","18945","6-9-2026 17:08:17"
"C:\Users\jori\AppData\Local\BrowserAI-rc\current\payload\mcp\node_modules\playwright-core\lib\tools\skills\playwright-cli",,"6-9-2026 17:08:17"
"C:\Users\jori\AppData\Local\BrowserAI-rc\current\payload\mcp\node_modules\playwright-core\lib\tools\skills\playwright-component-testing",,"6-9-2026 17:08:17"
"C:\Users\jori\AppData\Local\BrowserAI-rc\current\payload\mcp\node_modules\playwright-core\lib\tools\skills\playwright-trace",,"6-9-2026 17:08:17"
"C:\Users\jori\AppData\Local\BrowserAI-rc\current\payload\mcp\node_modules\playwright-core\lib\tools\skills\playwright-cli\references",,"6-9-2026 17:08:17"
"C:\Users\jori\AppData\Local\BrowserAI-rc\current\payload\mcp\node_modules\playwright-core\lib\tools\skills\playwright-cli\SKILL.md","12587","6-9-2026 17:08:17"
"C:\Users\jori\AppData\Local\BrowserAI-rc\current\payload\mcp\node_modules\playwright-core\lib\tools\skills\playwright-cli\references\element-attributes.md","665","6-9-2026 17:08:17"
"C:\Users\jori\AppData\Local\BrowserAI-rc\current\payload\mcp\node_modules\playwright-core\lib\tools\skills\playwright-cli\references\playwright-tests.md","1690","6-9-2026 17:08:17"
"C:\Users\jori\AppData\Local\BrowserAI-rc\current\payload\mcp\node_modules\playwright-core\lib\tools\skills\playwright-cli\references\request-mocking.md","2182","6-9-2026 17:08:17"
"C:\Users\jori\AppData\Local\BrowserAI-rc\current\payload\mcp\node_modules\playwright-core\lib\tools\skills\playwright-cli\references\running-code.md","5642","6-9-2026 17:08:17"
"C:\Users\jori\AppData\Local\BrowserAI-rc\current\payload\mcp\node_modules\playwright-core\lib\tools\skills\playwright-cli\references\session-management.md","5671","6-9-2026 17:08:17"
"C:\Users\jori\AppData\Local\BrowserAI-rc\current\payload\mcp\node_modules\playwright-core\lib\tools\skills\playwright-cli\references\storage-state.md","5198","6-9-2026 17:08:17"
"C:\Users\jori\AppData\Local\BrowserAI-rc\current\payload\mcp\node_modules\playwright-core\lib\tools\skills\playwright-cli\references\test-generation.md","16114","6-9-2026 17:08:17"
"C:\Users\jori\AppData\Local\BrowserAI-rc\current\payload\mcp\node_modules\playwright-core\lib\tools\skills\playwright-cli\references\tracing.md","3440","6-9-2026 17:08:17"
"C:\Users\jori\AppData\Local\BrowserAI-rc\current\payload\mcp\node_modules\playwright-core\lib\tools\skills\playwright-cli\references\video-recording.md","5387","6-9-2026 17:08:17"
"C:\Users\jori\AppData\Local\BrowserAI-rc\current\payload\mcp\node_modules\playwright-core\lib\tools\skills\playwright-component-testing\references",,"6-9-2026 17:08:17"
"C:\Users\jori\AppData\Local\BrowserAI-rc\current\payload\mcp\node_modules\playwright-core\lib\tools\skills\playwright-component-testing\SKILL.md","10027","6-9-2026 17:08:17"
"C:\Users\jori\AppData\Local\BrowserAI-rc\current\payload\mcp\node_modules\playwright-core\lib\tools\skills\playwright-component-testing\references\gallery-spec.md","6199","6-9-2026 17:08:17"
"C:\Users\jori\AppData\Local\BrowserAI-rc\current\payload\mcp\node_modules\playwright-core\lib\tools\skills\playwright-component-testing\references\migration.md","4758","6-9-2026 17:08:17"
"C:\Users\jori\AppData\Local\BrowserAI-rc\current\payload\mcp\node_modules\playwright-core\lib\tools\skills\playwright-component-testing\references\react.md","2921","6-9-2026 17:08:17"
"C:\Users\jori\AppData\Local\BrowserAI-rc\current\payload\mcp\node_modules\playwright-core\lib\tools\skills\playwright-component-testing\references\vue.md","3180","6-9-2026 17:08:17"
"C:\Users\jori\AppData\Local\BrowserAI-rc\current\payload\mcp\node_modules\playwright-core\lib\tools\skills\playwright-trace\SKILL.md","4712","6-9-2026 17:08:17"
"C:\Users\jori\AppData\Local\BrowserAI-rc\current\payload\mcp\node_modules\playwright-core\lib\tools\utils\extension.js","4260","6-9-2026 17:08:17"
"C:\Users\jori\AppData\Local\BrowserAI-rc\current\payload\mcp\node_modules\playwright-core\lib\tools\utils\socketConnection.js","3317","6-9-2026 17:08:17"
"C:\Users\jori\AppData\Local\BrowserAI-rc\current\payload\mcp\node_modules\playwright-core\lib\vite\dashboard",,"6-9-2026 17:08:17"
"C:\Users\jori\AppData\Local\BrowserAI-rc\current\payload\mcp\node_modules\playwright-core\lib\vite\htmlReport",,"6-9-2026 17:08:17"
"C:\Users\jori\AppData\Local\BrowserAI-rc\current\payload\mcp\node_modules\playwright-core\lib\vite\recorder",,"6-9-2026 17:08:17"
"C:\Users\jori\AppData\Local\BrowserAI-rc\current\payload\mcp\node_modules\playwright-core\lib\vite\traceViewer",,"6-9-2026 17:08:17"
"C:\Users\jori\AppData\Local\BrowserAI-rc\current\payload\mcp\node_modules\playwright-core\lib\vite\dashboard\assets",,"6-9-2026 17:08:17"
"C:\Users\jori\AppData\Local\BrowserAI-rc\current\payload\mcp\node_modules\playwright-core\lib\vite\dashboard\index.html","1078","6-9-2026 17:08:17"
"C:\Users\jori\AppData\Local\BrowserAI-rc\current\payload\mcp\node_modules\playwright-core\lib\vite\dashboard\playwright-logo.svg","5645","6-9-2026 17:08:17"
"C:\Users\jori\AppData\Local\BrowserAI-rc\current\payload\mcp\node_modules\playwright-core\lib\vite\dashboard\assets\codeMirrorModule--QdMvsKi.css","6251","6-9-2026 17:08:17"
"C:\Users\jori\AppData\Local\BrowserAI-rc\current\payload\mcp\node_modules\playwright-core\lib\vite\dashboard\assets\codeMirrorModule-ClejKuFB.js","307374","6-9-2026 17:08:17"
"C:\Users\jori\AppData\Local\BrowserAI-rc\current\payload\mcp\node_modules\playwright-core\lib\vite\dashboard\assets\codicon-DCmgc-ay.ttf","80340","6-9-2026 17:08:17"
"C:\Users\jori\AppData\Local\BrowserAI-rc\current\payload\mcp\node_modules\playwright-core\lib\vite\dashboard\assets\firefox-1bWoP6pv.svg","7488","6-9-2026 17:08:17"
"C:\Users\jori\AppData\Local\BrowserAI-rc\current\payload\mcp\node_modules\playwright-core\lib\vite\dashboard\assets\firefox-beta-k3eOH_eK.svg","9280","6-9-2026 17:08:17"
"C:\Users\jori\AppData\Local\BrowserAI-rc\current\payload\mcp\node_modules\playwright-core\lib\vite\dashboard\assets\firefox-nightly-Cp5nfeDT.svg","9143","6-9-2026 17:08:17"
"C:\Users\jori\AppData\Local\BrowserAI-rc\current\payload\mcp\node_modules\playwright-core\lib\vite\dashboard\assets\index-Ds8PVZZz.css","139014","6-9-2026 17:08:17"
"C:\Users\jori\AppData\Local\BrowserAI-rc\current\payload\mcp\node_modules\playwright-core\lib\vite\dashboard\assets\index-Dwz4ueui.js","336491","6-9-2026 17:08:17"
"C:\Users\jori\AppData\Local\BrowserAI-rc\current\payload\mcp\node_modules\playwright-core\lib\vite\dashboard\assets\safari-na3_-uQk.svg","5254","6-9-2026 17:08:17"
"C:\Users\jori\AppData\Local\BrowserAI-rc\current\payload\mcp\node_modules\playwright-core\lib\vite\htmlReport\index.html","464","6-9-2026 17:08:17"
"C:\Users\jori\AppData\Local\BrowserAI-rc\current\payload\mcp\node_modules\playwright-core\lib\vite\htmlReport\report.css","99364","6-9-2026 17:08:17"
"C:\Users\jori\AppData\Local\BrowserAI-rc\current\payload\mcp\node_modules\playwright-core\lib\vite\htmlReport\report.js","415216","6-9-2026 17:08:17"
"C:\Users\jori\AppData\Local\BrowserAI-rc\current\payload\mcp\node_modules\playwright-core\lib\vite\recorder\assets",,"6-9-2026 17:08:17"
"C:\Users\jori\AppData\Local\BrowserAI-rc\current\payload\mcp\node_modules\playwright-core\lib\vite\recorder\index.html","1078","6-9-2026 17:08:17"
"C:\Users\jori\AppData\Local\BrowserAI-rc\current\payload\mcp\node_modules\playwright-core\lib\vite\recorder\playwright-logo.svg","5033","6-9-2026 17:08:17"
"C:\Users\jori\AppData\Local\BrowserAI-rc\current\payload\mcp\node_modules\playwright-core\lib\vite\recorder\assets\codeMirrorModule--QdMvsKi.css","6251","6-9-2026 17:08:17"
"C:\Users\jori\AppData\Local\BrowserAI-rc\current\payload\mcp\node_modules\playwright-core\lib\vite\recorder\assets\codeMirrorModule-BVJeBTU4.js","307374","6-9-2026 17:08:17"
"C:\Users\jori\AppData\Local\BrowserAI-rc\current\payload\mcp\node_modules\playwright-core\lib\vite\recorder\assets\codicon-DCmgc-ay.ttf","80340","6-9-2026 17:08:17"
"C:\Users\jori\AppData\Local\BrowserAI-rc\current\payload\mcp\node_modules\playwright-core\lib\vite\recorder\assets\index-l_lX622x.css","85451","6-9-2026 17:08:17"
"C:\Users\jori\AppData\Local\BrowserAI-rc\current\payload\mcp\node_modules\playwright-core\lib\vite\recorder\assets\index-ojgceT-S.js","358860","6-9-2026 17:08:17"
"C:\Users\jori\AppData\Local\BrowserAI-rc\current\payload\mcp\node_modules\playwright-core\lib\vite\traceViewer\assets",,"6-9-2026 17:08:17"
"C:\Users\jori\AppData\Local\BrowserAI-rc\current\payload\mcp\node_modules\playwright-core\lib\vite\traceViewer\codeMirrorModule.-QdMvsKi.css","6251","6-9-2026 17:08:17"
"C:\Users\jori\AppData\Local\BrowserAI-rc\current\payload\mcp\node_modules\playwright-core\lib\vite\traceViewer\codicon.DCmgc-ay.ttf","80340","6-9-2026 17:08:17"
"C:\Users\jori\AppData\Local\BrowserAI-rc\current\payload\mcp\node_modules\playwright-core\lib\vite\traceViewer\defaultSettingsView.BLFoOugd.css","105310","6-9-2026 17:08:17"
"C:\Users\jori\AppData\Local\BrowserAI-rc\current\payload\mcp\node_modules\playwright-core\lib\vite\traceViewer\index.B_TqY17P.css","2055","6-9-2026 17:08:17"
"C:\Users\jori\AppData\Local\BrowserAI-rc\current\payload\mcp\node_modules\playwright-core\lib\vite\traceViewer\index.DXx61XIu.js","6500","6-9-2026 17:08:17"
"C:\Users\jori\AppData\Local\BrowserAI-rc\current\payload\mcp\node_modules\playwright-core\lib\vite\traceViewer\index.html","2363","6-9-2026 17:08:17"
"C:\Users\jori\AppData\Local\BrowserAI-rc\current\payload\mcp\node_modules\playwright-core\lib\vite\traceViewer\manifest.webmanifest","429","6-9-2026 17:08:17"
"C:\Users\jori\AppData\Local\BrowserAI-rc\current\payload\mcp\node_modules\playwright-core\lib\vite\traceViewer\playwright-logo.svg","5033","6-9-2026 17:08:17"
"C:\Users\jori\AppData\Local\BrowserAI-rc\current\payload\mcp\node_modules\playwright-core\lib\vite\traceViewer\snapshot.B_Jk1wbt.js","650","6-9-2026 17:08:17"
"C:\Users\jori\AppData\Local\BrowserAI-rc\current\payload\mcp\node_modules\playwright-core\lib\vite\traceViewer\snapshot.html","389","6-9-2026 17:08:17"
"C:\Users\jori\AppData\Local\BrowserAI-rc\current\payload\mcp\node_modules\playwright-core\lib\vite\traceViewer\sw.bundle.js","93487","6-9-2026 17:08:17"
"C:\Users\jori\AppData\Local\BrowserAI-rc\current\payload\mcp\node_modules\playwright-core\lib\vite\traceViewer\uiMode.C7UW1sC9.css","54341","6-9-2026 17:08:17"
"C:\Users\jori\AppData\Local\BrowserAI-rc\current\payload\mcp\node_modules\playwright-core\lib\vite\traceViewer\uiMode.DJWKsncV.js","37848","6-9-2026 17:08:17"
"C:\Users\jori\AppData\Local\BrowserAI-rc\current\payload\mcp\node_modules\playwright-core\lib\vite\traceViewer\uiMode.html","727","6-9-2026 17:08:17"
"C:\Users\jori\AppData\Local\BrowserAI-rc\current\payload\mcp\node_modules\playwright-core\lib\vite\traceViewer\xtermModule.kHJ-D0s7.css","2853","6-9-2026 17:08:17"
"C:\Users\jori\AppData\Local\BrowserAI-rc\current\payload\mcp\node_modules\playwright-core\lib\vite\traceViewer\assets\codeMirrorModule-Bs1Fz11i.js","307393","6-9-2026 17:08:17"
"C:\Users\jori\AppData\Local\BrowserAI-rc\current\payload\mcp\node_modules\playwright-core\lib\vite\traceViewer\assets\defaultSettingsView-DNbLsW5-.js","644819","6-9-2026 17:08:17"
"C:\Users\jori\AppData\Local\BrowserAI-rc\current\payload\mcp\node_modules\playwright-core\lib\vite\traceViewer\assets\urlMatch-L3liM589.js","2510","6-9-2026 17:08:17"
"C:\Users\jori\AppData\Local\BrowserAI-rc\current\payload\mcp\node_modules\playwright-core\lib\vite\traceViewer\assets\xtermModule-C09pOz0P.js","288730","6-9-2026 17:08:17"
"C:\Users\jori\AppData\Local\BrowserAI-rc\current\payload\mcp\node_modules\playwright-core\types\protocol.d.ts","819050","6-9-2026 17:08:16"
"C:\Users\jori\AppData\Local\BrowserAI-rc\current\payload\mcp\node_modules\playwright-core\types\structs.d.ts","2455","6-9-2026 17:08:16"
"C:\Users\jori\AppData\Local\BrowserAI-rc\current\payload\mcp\node_modules\playwright-core\types\types.d.ts","1130016","6-9-2026 17:08:16"
"C:\Users\jori\AppData\Local\BrowserAI-rc\current\payload\node\LICENSE","160555","6-9-2026 17:08:16"
"C:\Users\jori\AppData\Local\BrowserAI-rc\current\payload\node\node.exe","93381448","6-9-2026 17:08:16"
"C:\Users\jori\AppData\Local\BrowserAI-rc\instances\11232-5c607c32a7d34d5fb471a286f25c0c8d",,"14-9-2026 19:16:08"
"C:\Users\jori\AppData\Local\BrowserAI-rc\instances\117056-56abf97233d84052adc865f0e83c6e55",,"15-9-2026 16:10:57"
"C:\Users\jori\AppData\Local\BrowserAI-rc\instances\13756-9b7fca1a6a1c4330bfea7829c4648377",,"15-9-2026 12:59:11"
"C:\Users\jori\AppData\Local\BrowserAI-rc\instances\3316-1a6a30f9255c4ce7a3709c2bf05fe854",,"15-9-2026 12:59:05"
"C:\Users\jori\AppData\Local\BrowserAI-rc\instances\53236-e4c744bad4574895aacc2fda84cddd57",,"14-9-2026 18:11:23"
"C:\Users\jori\AppData\Local\BrowserAI-rc\instances\65444-60e9b48e618149cc9ddbcb83e6357798",,"15-9-2026 15:29:41"
"C:\Users\jori\AppData\Local\BrowserAI-rc\instances\71396-36e7d3a9d3da4ef684d895945a47a651",,"15-9-2026 15:29:50"
"C:\Users\jori\AppData\Local\BrowserAI-rc\instances\79392-c2bb3052d7344f5eb5f6a9659563c2c8",,"15-9-2026 12:58:46"
"C:\Users\jori\AppData\Local\BrowserAI-rc\instances\83248-7af9b7b39c9d4d8eb1a49d3f3740ed45",,"15-9-2026 15:32:29"
"C:\Users\jori\AppData\Local\BrowserAI-rc\instances\11232-5c607c32a7d34d5fb471a286f25c0c8d\downloads",,"14-9-2026 19:16:08"
"C:\Users\jori\AppData\Local\BrowserAI-rc\instances\11232-5c607c32a7d34d5fb471a286f25c0c8d\output",,"14-9-2026 19:16:08"
"C:\Users\jori\AppData\Local\BrowserAI-rc\instances\11232-5c607c32a7d34d5fb471a286f25c0c8d\profile",,"14-9-2026 19:16:08"
"C:\Users\jori\AppData\Local\BrowserAI-rc\instances\11232-5c607c32a7d34d5fb471a286f25c0c8d\instance.live","0","14-9-2026 19:16:08"
"C:\Users\jori\AppData\Local\BrowserAI-rc\instances\11232-5c607c32a7d34d5fb471a286f25c0c8d\playwright-mcp.config.json","1117","14-9-2026 19:16:08"
"C:\Users\jori\AppData\Local\BrowserAI-rc\instances\117056-56abf97233d84052adc865f0e83c6e55\downloads",,"15-9-2026 16:10:57"
"C:\Users\jori\AppData\Local\BrowserAI-rc\instances\117056-56abf97233d84052adc865f0e83c6e55\output",,"15-9-2026 16:10:57"
"C:\Users\jori\AppData\Local\BrowserAI-rc\instances\117056-56abf97233d84052adc865f0e83c6e55\profile",,"15-9-2026 16:10:57"
"C:\Users\jori\AppData\Local\BrowserAI-rc\instances\117056-56abf97233d84052adc865f0e83c6e55\instance.live","0","15-9-2026 16:10:57"
"C:\Users\jori\AppData\Local\BrowserAI-rc\instances\117056-56abf97233d84052adc865f0e83c6e55\playwright-mcp.config.json","1120","15-9-2026 16:10:57"
"C:\Users\jori\AppData\Local\BrowserAI-rc\instances\13756-9b7fca1a6a1c4330bfea7829c4648377\downloads",,"15-9-2026 12:59:11"
"C:\Users\jori\AppData\Local\BrowserAI-rc\instances\13756-9b7fca1a6a1c4330bfea7829c4648377\output",,"15-9-2026 12:59:11"
"C:\Users\jori\AppData\Local\BrowserAI-rc\instances\13756-9b7fca1a6a1c4330bfea7829c4648377\profile",,"15-9-2026 12:59:11"
"C:\Users\jori\AppData\Local\BrowserAI-rc\instances\13756-9b7fca1a6a1c4330bfea7829c4648377\instance.live","0","15-9-2026 12:59:11"
"C:\Users\jori\AppData\Local\BrowserAI-rc\instances\13756-9b7fca1a6a1c4330bfea7829c4648377\playwright-mcp.config.json","1117","15-9-2026 12:59:11"
"C:\Users\jori\AppData\Local\BrowserAI-rc\instances\3316-1a6a30f9255c4ce7a3709c2bf05fe854\downloads",,"15-9-2026 12:59:05"
"C:\Users\jori\AppData\Local\BrowserAI-rc\instances\3316-1a6a30f9255c4ce7a3709c2bf05fe854\output",,"15-9-2026 12:59:05"
"C:\Users\jori\AppData\Local\BrowserAI-rc\instances\3316-1a6a30f9255c4ce7a3709c2bf05fe854\profile",,"15-9-2026 12:59:05"
"C:\Users\jori\AppData\Local\BrowserAI-rc\instances\3316-1a6a30f9255c4ce7a3709c2bf05fe854\instance.live","0","15-9-2026 12:59:05"
"C:\Users\jori\AppData\Local\BrowserAI-rc\instances\3316-1a6a30f9255c4ce7a3709c2bf05fe854\playwright-mcp.config.json","1114","15-9-2026 12:59:05"
"C:\Users\jori\AppData\Local\BrowserAI-rc\instances\53236-e4c744bad4574895aacc2fda84cddd57\downloads",,"14-9-2026 18:11:23"
"C:\Users\jori\AppData\Local\BrowserAI-rc\instances\53236-e4c744bad4574895aacc2fda84cddd57\output",,"14-9-2026 18:11:23"
"C:\Users\jori\AppData\Local\BrowserAI-rc\instances\53236-e4c744bad4574895aacc2fda84cddd57\profile",,"14-9-2026 18:11:23"
"C:\Users\jori\AppData\Local\BrowserAI-rc\instances\53236-e4c744bad4574895aacc2fda84cddd57\instance.live","0","14-9-2026 18:11:23"
"C:\Users\jori\AppData\Local\BrowserAI-rc\instances\53236-e4c744bad4574895aacc2fda84cddd57\playwright-mcp.config.json","1117","14-9-2026 18:11:23"
"C:\Users\jori\AppData\Local\BrowserAI-rc\instances\65444-60e9b48e618149cc9ddbcb83e6357798\downloads",,"15-9-2026 15:29:41"
"C:\Users\jori\AppData\Local\BrowserAI-rc\instances\65444-60e9b48e618149cc9ddbcb83e6357798\output",,"15-9-2026 15:29:41"
"C:\Users\jori\AppData\Local\BrowserAI-rc\instances\65444-60e9b48e618149cc9ddbcb83e6357798\profile",,"15-9-2026 15:29:41"
"C:\Users\jori\AppData\Local\BrowserAI-rc\instances\65444-60e9b48e618149cc9ddbcb83e6357798\instance.live","0","15-9-2026 15:29:41"
"C:\Users\jori\AppData\Local\BrowserAI-rc\instances\65444-60e9b48e618149cc9ddbcb83e6357798\playwright-mcp.config.json","1117","15-9-2026 15:29:41"
"C:\Users\jori\AppData\Local\BrowserAI-rc\instances\71396-36e7d3a9d3da4ef684d895945a47a651\downloads",,"15-9-2026 15:29:50"
"C:\Users\jori\AppData\Local\BrowserAI-rc\instances\71396-36e7d3a9d3da4ef684d895945a47a651\output",,"15-9-2026 15:29:50"
"C:\Users\jori\AppData\Local\BrowserAI-rc\instances\71396-36e7d3a9d3da4ef684d895945a47a651\profile",,"15-9-2026 15:29:50"
"C:\Users\jori\AppData\Local\BrowserAI-rc\instances\71396-36e7d3a9d3da4ef684d895945a47a651\instance.live","0","15-9-2026 15:29:50"
"C:\Users\jori\AppData\Local\BrowserAI-rc\instances\71396-36e7d3a9d3da4ef684d895945a47a651\playwright-mcp.config.json","1117","15-9-2026 15:29:50"
"C:\Users\jori\AppData\Local\BrowserAI-rc\instances\79392-c2bb3052d7344f5eb5f6a9659563c2c8\downloads",,"15-9-2026 12:58:46"
"C:\Users\jori\AppData\Local\BrowserAI-rc\instances\79392-c2bb3052d7344f5eb5f6a9659563c2c8\output",,"15-9-2026 12:58:46"
"C:\Users\jori\AppData\Local\BrowserAI-rc\instances\79392-c2bb3052d7344f5eb5f6a9659563c2c8\profile",,"15-9-2026 12:58:46"
"C:\Users\jori\AppData\Local\BrowserAI-rc\instances\79392-c2bb3052d7344f5eb5f6a9659563c2c8\instance.live","0","15-9-2026 12:58:46"
"C:\Users\jori\AppData\Local\BrowserAI-rc\instances\79392-c2bb3052d7344f5eb5f6a9659563c2c8\playwright-mcp.config.json","1117","15-9-2026 12:58:46"
"C:\Users\jori\AppData\Local\BrowserAI-rc\instances\83248-7af9b7b39c9d4d8eb1a49d3f3740ed45\downloads",,"15-9-2026 15:32:29"
"C:\Users\jori\AppData\Local\BrowserAI-rc\instances\83248-7af9b7b39c9d4d8eb1a49d3f3740ed45\output",,"15-9-2026 15:32:29"
"C:\Users\jori\AppData\Local\BrowserAI-rc\instances\83248-7af9b7b39c9d4d8eb1a49d3f3740ed45\profile",,"15-9-2026 15:32:29"
"C:\Users\jori\AppData\Local\BrowserAI-rc\instances\83248-7af9b7b39c9d4d8eb1a49d3f3740ed45\instance.live","0","15-9-2026 15:32:29"
"C:\Users\jori\AppData\Local\BrowserAI-rc\instances\83248-7af9b7b39c9d4d8eb1a49d3f3740ed45\playwright-mcp.config.json","1117","15-9-2026 15:32:29"
"C:\Users\jori\AppData\Local\BrowserAI-rc\live\11232-e84bf3e910d349d29d505b4d90adf1b2.live","0","14-9-2026 19:16:08"
"C:\Users\jori\AppData\Local\BrowserAI-rc\live\117056-4fbf84e0ddf84504957049bded1ff203.live","0","15-9-2026 16:10:57"
"C:\Users\jori\AppData\Local\BrowserAI-rc\live\13756-0f965be3cf4d4e2a99c05af988311094.live","0","15-9-2026 12:59:11"
"C:\Users\jori\AppData\Local\BrowserAI-rc\live\3316-0ae43783408745e6adb2476f3595b54e.live","0","15-9-2026 12:59:05"
"C:\Users\jori\AppData\Local\BrowserAI-rc\live\53236-06b6f353b25247889ea81cf7d32d50d2.live","0","14-9-2026 18:11:23"
"C:\Users\jori\AppData\Local\BrowserAI-rc\live\65444-b30bcbf7514d4ea89e6d58fb76cda951.live","0","15-9-2026 15:29:40"
"C:\Users\jori\AppData\Local\BrowserAI-rc\live\71396-ea97d8b67434419f8d30c2654a9f1a2d.live","0","15-9-2026 15:29:50"
"C:\Users\jori\AppData\Local\BrowserAI-rc\live\79392-198c249ef376482ea197db9bba4102b5.live","0","15-9-2026 12:58:46"
"C:\Users\jori\AppData\Local\BrowserAI-rc\live\83248-e9c8208b2ea84b2e86b2d95dc8b61230.live","0","15-9-2026 15:32:29"
"C:\Users\jori\AppData\Local\BrowserAI-rc\logs\browserai-20260906-000.log","21216","6-9-2026 17:12:15"
"C:\Users\jori\AppData\Local\BrowserAI-rc\logs\browserai-20260907-000.log","57163","7-9-2026 11:16:26"
"C:\Users\jori\AppData\Local\BrowserAI-rc\logs\browserai-20260908-000.log","3430","8-9-2026 21:07:58"
"C:\Users\jori\AppData\Local\BrowserAI-rc\logs\browserai-20260909-000.log","213","9-9-2026 02:11:06"
"C:\Users\jori\AppData\Local\BrowserAI-rc\logs\browserai-20260910-000.log","40510","10-9-2026 08:14:47"
"C:\Users\jori\AppData\Local\BrowserAI-rc\logs\browserai-20260911-000.log","33243","11-9-2026 19:29:41"
"C:\Users\jori\AppData\Local\BrowserAI-rc\logs\browserai-20260912-000.log","7841","12-9-2026 14:02:55"
"C:\Users\jori\AppData\Local\BrowserAI-rc\logs\browserai-20260913-000.log","12144","13-9-2026 22:50:46"
"C:\Users\jori\AppData\Local\BrowserAI-rc\logs\browserai-20260914-000.log","81264","14-9-2026 23:13:09"
"C:\Users\jori\AppData\Local\BrowserAI-rc\logs\browserai-20260915-000.log","68031","15-9-2026 16:31:35"
"C:\Users\jori\AppData\Local\BrowserAI-rc\packages\.velopack_lock","0","6-9-2026 17:08:16"
"C:\Users\jori\AppData\Local\BrowserAI-rc\packages\BrowserAI-1.0.1-alpha.0.206-full.nupkg","50130127","6-9-2026 17:08:16"
